-- phpMyAdmin SQL Dump
-- version 4.8.0.1
-- https://www.phpmyadmin.net/
--
-- Host: localhost
-- Generation Time: Jun 13, 2018 at 04:56 PM
-- Server version: 10.1.32-MariaDB
-- PHP Version: 7.2.5

SET SQL_MODE = "NO_AUTO_VALUE_ON_ZERO";
SET AUTOCOMMIT = 0;
START TRANSACTION;
SET time_zone = "+00:00";


/*!40101 SET @OLD_CHARACTER_SET_CLIENT=@@CHARACTER_SET_CLIENT */;
/*!40101 SET @OLD_CHARACTER_SET_RESULTS=@@CHARACTER_SET_RESULTS */;
/*!40101 SET @OLD_COLLATION_CONNECTION=@@COLLATION_CONNECTION */;
/*!40101 SET NAMES utf8mb4 */;

--
-- Database: `examen`
--

-- --------------------------------------------------------

--
-- Table structure for table `administracion`
--

CREATE TABLE `administracion` (
  `Usuario` varchar(30) COLLATE utf8_spanish_ci NOT NULL,
  `Password` varchar(15) COLLATE utf8_spanish_ci NOT NULL,
  `session` int(1) NOT NULL DEFAULT '0'
) ENGINE=InnoDB DEFAULT CHARSET=utf8 COLLATE=utf8_spanish_ci;

--
-- Dumping data for table `administracion`
--

INSERT INTO `administracion` (`Usuario`, `Password`, `session`) VALUES
('Administrador', 'BACPonra2018', 0),
('Fido', 'cesar', 0),
('Jair', 'java', 1);

-- --------------------------------------------------------

--
-- Table structure for table `alumnos`
--

CREATE TABLE `alumnos` (
  `Folio` varchar(15) COLLATE utf8_spanish_ci NOT NULL,
  `Nombre` varchar(30) COLLATE utf8_spanish_ci NOT NULL,
  `Apellido_P` varchar(30) COLLATE utf8_spanish_ci NOT NULL,
  `Apellido_M` varchar(30) COLLATE utf8_spanish_ci NOT NULL,
  `grupo` varchar(4) COLLATE utf8_spanish_ci NOT NULL
) ENGINE=InnoDB DEFAULT CHARSET=utf8 COLLATE=utf8_spanish_ci;

--
-- Dumping data for table `alumnos`
--

INSERT INTO `alumnos` (`Folio`, `Nombre`, `Apellido_P`, `Apellido_M`, `grupo`) VALUES
('11040043', 'JUAN CARLOS', 'CRUZ', 'HERNANDEZ', '621'),
('11040075', 'YOSELIN NOEMI', 'TORRES', 'OLIVER', '622'),
('12040008', 'JOSE MANUEL', 'CRUZ', 'GIL', '612'),
('12040012', 'DANIELA IVONNE', 'FLORES', 'PEREZ', '611'),
('12040014', 'PAULINA', 'FUENLABRADA', 'VELAZQUEZ', '611'),
('12040016', 'HECTOR AXEL', 'HERNANDEZ', 'SANCHEZ', '612'),
('12040026', 'VICTOR URIEL', 'MENDOZA', 'SALAZAR', '612'),
('12040029', 'XIADANI JAZMIN', 'REYNA', 'ROMERO', '622'),
('12040030', 'KARLA CECILIA', 'RIVERA', 'HERNANDEZ', '622'),
('12040051', 'ALAN', 'JIMENEZ', 'FERNANDEZ PIDAL', '611'),
('12040058', 'ITZAYANA', 'MERA', 'PACHECO', '611'),
('12040060', 'MARIANA', 'NAVA', 'CORTES', '613'),
('12040066', 'ERIC DAVID', 'ROSAS', 'URBINA', '621'),
('12040067', 'KATHERINE DAFNE', 'RUIZ', 'ESPINOSA', '621'),
('12040068', 'FERNANDO YOLLOTL', 'TAMAYO', 'HERNANDEZ', '622'),
('12040088', 'IRMA', 'GOMEZ', 'CARMONA', '612'),
('12040090', 'KEVIN ALEJANDRO', 'ISLAS', 'HERNANDEZ', '621'),
('12040091', 'BRISA SARAI', 'JIMENEZ', 'BONILLA', '611'),
('12040099', 'CARLOS', 'MORALES', 'GARIBALDI', '613'),
('12040101', 'MUSI SAYURI', 'PICO', 'AVENDAÑO', '621'),
('12040104', 'LIZETH VANESSA', 'RIVERA', 'GOMEZ', '613'),
('12040107', 'NANCY ALONDRA', 'SANCHEZ', 'DE JESUS', '621'),
('12040112', 'VICTOR MANUEL', 'AGUILAR', 'JALOMA', '612'),
('12040113', 'JESUS', 'ALMAGUER', 'ALBURO', '613'),
('12040116', 'AXEL ALEJANDRO', 'CAMPOS', 'ACUÑA', '613'),
('12040119', ' IRAN YESENIA', 'DIAZ', 'DIAZ', '613'),
('12040121', 'MICHELLE', 'ELIAS', 'ELENO', '612'),
('12040122', 'DAVID ARTURO', 'FERNANDEZ', 'MONROY', '611'),
('12040128', 'CARLOS ENRIQUE', 'GUEVARA', 'GONZALEZ', '611'),
('12040132', 'MARIA FERNANDA', 'LEYVA', 'URBAN', '622'),
('12040136', 'MARIANA', 'NORIEGA', 'MENDIOLA', '612'),
('12040137', 'MELANYE DHAMAR', 'ORTEGA', 'VEGA', '621'),
('12040142', 'EMIGUEL ANGEL', 'RAMIREZ', 'LOPEZ', '622'),
('12040151', 'ARELI', 'ALTAMIRANO', 'MENDOZA', '613'),
('12040152', 'ANDREA ATALA', 'ARRATIA', 'FRANCO', '613'),
('12040154', 'MARIA TERESA', 'CARDENAS', 'AVALOS', '613'),
('12040178', 'ANA KARLA', 'QUINTERO', 'ZAMACONA', '612'),
('12040179', 'ERICK DAVID', 'RAMIREZ', 'MARTINEZ', '613'),
('12040180', 'ALEJANDRO', 'ROCHA', 'ROSALES', '611'),
('12040184', 'BRUNO', 'VITTE', 'SAN JUAN', '612'),
('12040185', 'MARIA GUADALUPE', 'ZAMORA', 'AGAMA', '622'),
('12040190', 'EMANUEL ZURIEL', 'BAJONERO', 'MORENO', '622'),
('12040194', 'ALONSO', 'CAUDILLO', 'RIVERO', '612'),
('12040204', 'CYNTHIA VANESSA', 'LADRON', 'DE GUEVARA', '621'),
('12040205', 'ITZAYANA BERENICE', 'JARAMILLO', 'LUNA', '622'),
('12040206', 'MARCO ALAN', 'MORENO', 'LEON', '612'),
('12040214', 'JORGE ULISES', 'RAMIREZ', 'CARRASCO', '613'),
('12040216', 'DIANA ALEJANDRA', 'RANGEL', 'PANTOJA', '612'),
('12040229', 'AMEYALLI MONSERRAT', 'CORONEL', 'LOPEZ', '611'),
('12040233', 'JENNIFER', 'GUTIERREZ', 'GARCIA', '622'),
('12040234', 'EMMANUEL ALEJANDRO', 'HERNANDEZ', 'VELAZQUEZ', '613'),
('12040241', 'RAUL', 'MAURICIO', 'ALVAREZ', '611'),
('12040247', 'MARISOL JAQUELINE', 'PEREZ', 'MARTINEZ', '622'),
('12040248', 'ALDO HUMBERTO', 'RAMIREZ', 'PACHECO', '622'),
('12040250', 'MIGUEL ANGEL', 'RESENDIZ', 'TINOCO', '622'),
('12040258', 'NIRVANA', 'TORRES', 'BAUTISTA', '612'),
('12040272', 'MELISSA', 'HERNANDEZ', 'MENDEZ', '612'),
('12040274', 'VANESSA LIZET', 'JUAREZ', 'ARAUJO', '621'),
('12040280', 'FRANCISCO JAVIER', 'MARTINEZ', 'RAZO', '613'),
('12040299', 'RICARDO', 'BAZAN', 'ROMAN', '612'),
('12040305', 'KEVIN', 'FALOMIR', 'ANGEL', '622'),
('12040307', 'MARIO AXEL', 'GUTIERREZ', 'REYES', '611'),
('12040318', 'NICOLE INIKI', 'NABOR', 'PACHECO', '621'),
('12040332', 'MARIANA', 'VAZQUEZ', 'VIEYRA', '611'),
('12040336', 'CESAR MAURICIO', 'ARELLANO', 'VELASQUEZ', '612'),
('12040344', 'RAUL', 'GONZALEZ', 'PORTILLO', '612'),
('12040347', 'MIGUEL KINAM', 'HERNANDEZ', 'GRED', '611'),
('12040353', 'MARIA FERNANDA', 'LOPEZ', 'JUAREZ', '612'),
('12040359', 'OSCAR', 'PEÑA', 'RAMIREZ', '621'),
('12040361', 'ESPERANZA ABIGAIL', 'PINEDA', 'ESCAMILLA', '613'),
('12040366', 'DANTE', 'SALAZAR', 'HERNANDEZ', '621'),
('12040369', 'MERCEDES', 'TELLEZ', 'CALZADA', '613'),
('12040371', 'KARLA', 'VILLANUEVA', 'JAVIER', '612'),
('12040378', 'ELIAB', 'CASAS', 'MEDINA', '621'),
('12040380', 'JHOANA', 'DURAN', 'CHABLE', '611'),
('12040392', 'RANDAL EMMANUELLE', 'LOPEZ', 'LOPEZ', '612'),
('12040393', 'KAREN', 'MAYA', 'YESCAS', '423'),
('12040396', 'YUNUEM', 'MARTINEZ', 'SALINAS', '622'),
('12040400', 'DANIELA MAYTE', 'PEREZ', 'EGUIA', '611'),
('12040401', 'ERICK', 'PEREZ', 'CRUZ', '621'),
('12040405', 'ERICK ALBERTO', 'RODEA', 'AZCONA', '622'),
('12040426', 'AXEL', 'HERNANDEZ', 'ISLAS', '611'),
('12040427', 'JENNIFER', 'HERNANDEZ', 'UGALDE', '613'),
('12040432', 'BRENDA LISSET', 'MARTINEZ', 'VALLEJO', '612'),
('12040433', 'IRASEMA', 'MARTINEZ', 'FERNANDEZ', '621'),
('12040440', 'EMILIO ALEJANDRO', 'RAMIREZ', 'SAN ROMAN', '621'),
('12040443', 'KAREN ARELY', 'RODRIGUEZ', 'MARTINEZ', '613'),
('12040444', 'XILONEN GUADALUPE', 'SANCHEZ', 'XAVIER', '611'),
('12040445', 'MARA SOFIA', 'TREJO', 'SANCHEZ', '622'),
('12040453', 'LESLIE CATALINA', 'CAMACHO', 'ARROYO', '621'),
('12040454', 'EDGAR ALEJANDRO', 'CAMPOS', 'PEREZ', '622'),
('12040473', 'GRECIA', 'MARTINEZ', 'VELAZQUEZ', '612'),
('12040474', 'PEDRO IVAN', 'MARTINEZ', 'GOMEZ', '622'),
('12040479', 'EVELYN VIRIDIANA', 'RANGEL', 'PANTOJA', '611'),
('12040480', 'GALA LISSET', 'RODRIGUEZ', 'HERNANDEZ', '613'),
('12040483', 'NAHOMI RUBI', 'SAAVEDRA', 'GARCIA', '622'),
('12040502', 'MARGARITA ABIGAIL', 'GOMEZ', 'MORENO', '621'),
('12040511', 'JAQUELINE EMILIA', 'MARTINEZ', 'MEXICANO', '612'),
('12040512', 'XIMENA LIZETH', 'MAYA', 'MANZANO', '612'),
('12040514', 'HECTOR DAVID', 'MELGAREJO', 'PEREZ', '612'),
('12040527', 'MARIA FERNANDA', 'VILLAVICENCIO', 'PEREZ', '612'),
('12040532', 'ALEXIS', 'BEDOLLA', 'CARRILLO', '613'),
('12040534', 'MARCO DAVID', 'CASTRO', 'RODRIGUEZ', '622'),
('12040539', 'ALEJANDRA', 'DELGADO', 'REYES', '612'),
('12040541', 'VICTOR ALEXANDER', 'GRACIANO', 'PEREZ', '622'),
('12040544', 'JUAN FRANCISCO', 'HERNANDEZ', 'ROJAS', '622'),
('12040546', 'SANDRA ELIZABETH', 'HERRERA', 'TORRES', '621'),
('12040555', 'EDGAR MAURICIO', 'MORALES', 'CORONA', '613'),
('12040557', 'JOSE LUIS', 'PEDRAZA', 'RUIZ', '613'),
('12040561', 'VICTOR MANUEL', 'RODRIGUEZ', 'LOYOLA', '611'),
('12040563', 'ABDEL', 'SALTO', 'GUTIERREZ', '611'),
('12040565', 'JOCELYN', 'SOSA', 'TREJO', '613'),
('12040575', 'LUZ ELENA', 'DE LA CRUZ', 'MENDOZA', '621'),
('12040597', 'VANESSA IVONNE', 'RODRIGUEZ', 'MARTINEZ', '622'),
('12040599', 'ROSY ARELY', 'RODRIGUEZ', 'HERNANDEZ', '621'),
('12040601', 'AMIEL JOEL', 'ROSETE', 'ISLAS', '613'),
('12040604', 'FABIOLA', 'VILLALOBOS', 'DAMIAN', '612'),
('12040609', 'GETZEMANY LESLY', 'AVIÑA', 'LEON', '611'),
('12040610', 'ADRIANA', 'BOLAÑOS', 'PANO', '613'),
('12040622', 'ANGEL GABRIEL', 'HERNANDEZ', 'RIOS', '622'),
('12040623', 'FIDEL', 'HERRERA', 'TORRES', '611'),
('12040629', 'LEONARDO DANIEL', 'MORALES', 'SALGADO', '613'),
('12040631', 'SHEILA GRIZEL', 'OSORIO', 'MONROY', '613'),
('12040642', 'SALMA SALOME', 'TELLEZ', 'PADILLA', '621'),
('12040648', 'YURITSY POOLET', 'CRUZ', 'RAMIREZ', '613'),
('12040666', 'ERIK ENRIQUE', 'ORDUÑO', 'TAMAYO', '621'),
('12040667', 'KEVIN', 'ORTIZ', 'GALVAN', '611'),
('12040673', 'MELISSA ISABEL', 'RIVERA', 'BAZAN', '612'),
('12040680', 'ALEXANDRA ZURIEL', 'VELASCO', 'OCHOA', '613'),
('12040682', 'ARTURO', 'AGUIRRE', 'VILLEGAS', '613'),
('12040691', 'ALLAN JAIR', 'ESCAMILLA', 'HERNANDEZ', '612'),
('12040698', 'ATXEL URIEL', 'JUAREZ', 'HERNANDEZ', '611'),
('12040801', 'ARELI', 'DELGADILLO', 'ROY OCOTLA', '413'),
('12040900', 'FRANCISCO GAEL', 'VERTIZ', 'CASILLAS', '611'),
('12040965', 'JOANNA', 'MORENO', 'VELAZQUEZ', '621'),
('12040966', 'CINTHYA ARACELI', 'PABLO', 'VELAZQUEZ', '622'),
('12040967', 'JACQUELINE', 'VERA', 'RICHARD', '611'),
('12040969', 'SOFIA ABIGAIL', 'MENDOZA', 'TORRES', '621'),
('12040971', 'BRANDON KEVIN', 'SAAVEDRA', 'CORTES', '621'),
('12040972', 'JIMENA', 'RODRIGUEZ', 'RESENDIZ', '611'),
('12040976', 'ABIGAIL', 'VALAGUEZ', 'GONZALEZ', '611'),
('12040981', 'VALERIA', 'GRANCIANO', 'CEDEÑO', '613'),
('12040984', 'ANA CLAUDIA', 'AGUILAR', 'CIMA', '621'),
('12040990', 'HECTOR FANTAGYRO', 'RUEDA', 'FRANCO', '611'),
('12040996', 'LISBET SELENE', 'ROBLEDO', 'CALDERON', '622'),
('12041000', 'SABINA ISABEL', 'ROMERO', 'PRADO', '621'),
('12041034', 'CYNTHIA MICHELLE', 'RAYMUNDO', 'PLATA', '622'),
('12043001', 'JOSE JUAN', 'RAMIREZ', 'MIGUEL', '621'),
('13040001', 'ALONDRA ALHELI', 'ACOSTA', 'BADILLO', '423'),
('13040006', 'ILSE MARIEL', 'CHICO', 'VALDEZ', '412'),
('13040012', 'ANDREA', 'HERNANDEZ', 'DE DIOS', '421'),
('13040014', 'AXEL ADRIAN', 'JIMENEZ', 'CRUZ', '411'),
('13040016', 'LUIS MANUEL', 'LEON', 'LAGUNA', '413'),
('13040023', 'SAUL MANUEL', 'REYES', 'TORRES', '421'),
('13040027', 'MIGUEL ANGEL ADHEMIR', 'SANCHEZ', 'ALVAREZ', '422'),
('13040038', 'NALLELY ALITZEL', 'ALVAREZ', 'ZEPEDA', '412'),
('13040052', 'HILDA FERNANDA', 'GUERRERO', 'LOPEZ', '413'),
('13040056', 'LISBETH', 'MACIAS', 'CABALLERO', '412'),
('13040059', 'YOHALY LORENA', 'MONDRAGON', 'SANDOVAL', '411'),
('13040062', 'MARIANA ALEJANDRA', 'MORENO', 'MOGOYAN', '413'),
('13040063', 'KARLA PAULINA', 'ORDOÑEZ', 'AVALOS', '421'),
('13040069', 'AARON ISRAEL', 'ZARAGOZA', 'RIVERA', '411'),
('13040080', 'MIGUEL ANGEL', 'JUAREZ', 'DORANTES', '421'),
('13040082', 'IRIS PAOLA', 'LOZANO', 'VITE', '413'),
('13040092', 'HORTENCIA ALEJANDRA', 'RAMIREZ', 'VAZQUEZ', '413'),
('13040101', 'DAMARIS ABIGAIL', 'VAZQUEZ', 'AVILA', '422'),
('13040102', 'IAN ALFONSO', 'VAZQUEZ', 'MUÑOZ', '421'),
('13040105', 'MARIO JAZIEL', 'VILLEGAS', 'CANO', '421'),
('13040118', 'LISA PAMELA', 'GOMEZ', 'SANTANA', '413'),
('13040119', 'EVELYN DAYANA', 'HERNANDEZ', 'MARTINEZ', '422'),
('13040120', 'HECTOR DANIEL', 'HERNANDEZ', 'REYES', '423'),
('13040132', 'ARTURO', 'RAMIREZ', 'RAMIREZ', '412'),
('13040136', 'RAMON ALEJANDRO', 'RUIZ', 'PEREZ', '411'),
('13040139', 'NADIA ELENA', 'VENEGAS', 'MONTOYA', '413'),
('13040142', 'ABRIL BERENICE', 'BAUTISTA', 'ROMAN', '411'),
('13040143', 'ISRAEL', 'CABRERA', 'PORTILLA', '413'),
('13040146', 'ISRAEL', 'ESPINOSA', 'CEDEÑO', '421'),
('13040154', 'KAREN NAOMI', 'GUZMAN', 'FERNANDEZ', '412'),
('13040155', 'ARANTZA', 'HERNANDEZ', 'SANCHEZ', '411'),
('13040159', 'ANTONIO', 'MUÑOZ', 'BERNAL', '421'),
('13040160', 'SEBASTIAN', 'NERI', 'RUESGA', '411'),
('13040166', 'MARIA DEL CARMEN', 'RAMOS', 'GONZALEZ', '413'),
('13040172', 'BRUNO', 'VARGAS', 'MARTINEZ', '423'),
('13040174', 'ANDRES DANIEL', 'ZAMARRIPA', 'ALMERIA', '412'),
('13040175', 'ROMARIO JOSEF', 'ARRIAGA', 'SABAS', '423'),
('13040183', 'MIGUEL ANGEL', 'FLORES', 'LOPEZ', '411'),
('13040186', 'SKARLETH ESTEFANIA', 'GARCIA', 'TRUJILLO', '411'),
('13040194', 'ZELTZIN DONAJI', 'NAVARRETE', 'GONZALEZ', '412'),
('13040202', 'YAMILET ATZIRI', 'TAPIA', 'LEDESMA', '413'),
('13040206', 'NIDIA ELEANOR', 'VENEGAS', 'MONTOYA', '411'),
('13040207', 'MONICA IVETTE', 'VERGARA', 'MENDOZA', '412'),
('13040210', 'ASTRID JAQUELINE', 'BAUTISTA', 'ROMAN', '413'),
('13040216', 'MONICA ELENA', 'GARCILAZO', 'MORALES', '411'),
('13040217', 'ABRAHAM', 'GIL', 'FELIX', '412'),
('13040218', 'RODRIGO', 'GOMEZ', 'RAMIREZ', '423'),
('13040221', 'XIOMARA YAEL', 'GONZALEZ', 'MOJICA', '412'),
('13040222', 'DYANA LAURA', 'GUILLEN', 'AGUILAR', '422'),
('13040225', 'PEDRO', 'IBARRA', 'MORENO', '413'),
('13040236', 'FRANCISCO', 'ROBLES', 'MORALES', '423'),
('13040237', 'VALERIA', 'RODRIGUEZ ', 'CANALES', '422'),
('13040242', 'SAMUEL', 'TORRES', 'PICHARDO', '411'),
('13040244', 'VANIA', 'ALCALDE', 'REMENTERIA', '422'),
('13040246', 'KARLA MICHEL', 'ARAMBURU', 'CORTES', '421'),
('13040248', 'MARIA FERNANDA', 'CHACON', 'GONZALEZ', '421'),
('13040250', 'MARICARMEN', 'DIAZ', 'ALVAREZ', '411'),
('13040252', 'SERGIO JAVIER', 'FLORES', 'FERNANDEZ', '421'),
('13040253', 'PAUL MARTIN', 'GARCIA', 'MORFIN', '412'),
('13040254', 'STEPHANY', 'GOMEZ', 'OLALDE', '411'),
('13040279', 'ANDREA', 'CANO', 'PEREZ', '411'),
('13040291', 'MELANIE YESSENETH', 'HERNANDEZ', 'ESTEVES', '421'),
('13040292', 'GABRIELA', 'HERNANDEZ', 'SEGURA', '412'),
('13040293', 'JOSE BRAYAN', 'HERNANDEZ', 'SERNA', '422'),
('13040297', 'JOSE ERNESTO', 'MARTINEZ', 'TERAN', '422'),
('13040310', 'STEPHANIE BARBARA', 'SANCHEZ', 'PEREZ', '413'),
('13040313', 'ABRIL OSIRIS ', 'VAZQUEZ', 'BUSTOS ', '222'),
('13040316', 'BRENDA JIMENA', 'ANGEL', 'GOMEZ', '423'),
('13040319', 'ALEJANDRO', 'CARREON', 'FRANCO', '423'),
('13040322', 'BENJAMIN', 'CRUZ', 'HERNANDEZ', '422'),
('13040328', 'LUIS ALBERTO', 'GUTIERREZ', 'ESPINDOLA', '411'),
('13040329', 'EDUARDO ANTONIO', 'GUTIERREZ', 'MENDOZA', '413'),
('13040341', 'MARIANA PAOLA', 'ROBLEDO', 'ESTRADA', '423'),
('13040343', 'NELLY ITZEL', 'RODRIGUEZ', 'ORTIZ', '422'),
('13040345', 'LEONARDO', 'ROJAS', 'CONTRERAS', '422'),
('13040346', 'JOHANA ELIZABETH', 'SANCHEZ', 'CHAVEZ', '412'),
('13040352', 'KEVIN URIEL', 'VILLAR', 'BENITEZ', '411'),
('13040354', 'GUADALUPE GETSEMANI', 'AVILA', 'PINEDA', '423'),
('13040357', 'ITZEL GUADALUPE', 'CABRERA', 'LEAL', '423'),
('13040358', 'JOHAN DONATO', 'CABRERA', 'MARTINEZ', '411'),
('13040360', 'MINSI JOHANA', 'CHAVEZ', 'MORALES', '411'),
('13040362', 'DENISSE', 'DE LA GARZA', 'GARCIA', '411'),
('13040365', 'CARLOS ARIEL', 'ESPINOSA', 'ARROYO', '411'),
('13040375', 'JOSE', 'MOLINA', 'JASSO', '413'),
('13040381', 'ANGEL EDMUNDO', 'RUIZ', 'VAZQUEZ', '422'),
('13040382', 'ALEJANDRO', 'SOLORZANO', 'SANTOS', '421'),
('13040383', 'ITZEL', 'SOSA', 'SANTIAGO', '421'),
('13040394', 'ANDREA STHEPHANIE', 'CEBALLOS', 'GONZALEZ', '423'),
('13040400', 'JESSICA GIOVAN', 'DIAZ', 'MARTINEZ', '413'),
('13040403', 'MONSERRAT', 'FEREGRINO', 'GUTIERREZ', '413'),
('13040411', 'MARIANA', 'MARTIN', 'DOMINGUEZ', '411'),
('13040413', 'XIOMARA JANNIK', 'MARTINEZ', 'BRIONES', '411'),
('13040414', 'MIROSLAVA', 'MARTINEZ', 'CERVANTES', '412'),
('13040419', 'RAFAEL ISAAC', 'NAVARRO', 'PEÑA', '423'),
('13040422', 'ERNESTO', 'RIVAS', 'GARCIA', '413'),
('13040423', 'JOAHAN', 'RODRIGUEZ', 'ARIAS', '412'),
('13040430', 'MADELEINE AURELIE', 'AVILA', 'RAMIREZ', '422'),
('13040431', 'MELANIE MICHELLE', 'CABALLERO', 'BECERRIL', '422'),
('13040433', 'MARIA JOSE', 'CAMARILLO', ' TEJEDA', '421'),
('13040436', 'SEBASTIAN', 'CRUZ', 'BERNAL', '411'),
('13040437', 'DANIELA CAROLINA', 'CRUZ', 'FUENTES', '421'),
('13040444', 'AXEL', 'GONZALEZ', 'ZUMBARDA', '422'),
('13040445', 'JOSELINE', 'GUTIERREZ', 'GARCIA', '422'),
('13040447', 'ARMANDO', 'LIMON', 'BAUTISTA', '412'),
('13040449', 'BRYAN STEVEN', 'MARTINEZ', 'ALBARRAN', '422'),
('13040464', 'MARIA FERNANDA', 'YESCAS', 'ANDRADE', '423'),
('13040471', 'ERNESTO', 'FRAGOSO', 'PANIAGUA', '421'),
('13040472', 'DEMIAN VALENTIN', 'GARCIA', 'QUINTANA', '412'),
('13040473', 'MIGUEL ANGEL', 'GASTALDI', 'LOPEZ', '421'),
('13040477', 'JUAN CARLOS', 'LEON', 'ESCOBAR', '422'),
('13040479', 'HUGO', 'LOPEZ', 'MIGUEL', '412'),
('13040481', 'LISEK', 'MARTINEZ', 'GALLEGOS', '412'),
('13040482', 'ANA SOFIA', 'MARTINEZ', 'LOPEZ', '423'),
('13040489', 'MARIANA', 'PEREZ', 'CHANTES', '413'),
('13040493', 'JOSE MIGUEL', 'PEREZ', 'VINCENT', '422'),
('13040501', 'JESUS', 'TOSCANO', 'MEDRANO', '413'),
('13040508', 'ESMERALDA', 'CONTRERAS', 'ROCHA', '412'),
('13040525', 'ABRIL ARANZA', 'ORDAZ', 'PEREZ', '413'),
('13040542', 'GIOVANNI JOSUE', 'VENEGAS', 'RAMIREZ', '412'),
('13040544', 'EDUARDO DEMIAN', 'ANGELES', 'LEOS', '413'),
('13040546', 'PAULINA', 'BASURTO', 'GARCIA', '422'),
('13040553', 'ZAIRA SOFIA', 'DE LA FUENTE', 'OLIVA', '412'),
('13040554', 'LORENA ALEJANDRA', 'DELGADILLO', 'VALENCIA', '421'),
('13040555', 'GABRIEL', 'DURAN', 'NAVARRETE', '422'),
('13040558', 'JOSE IAN', 'GARCIA', 'VILLAGRAN', '412'),
('13040564', 'JESUS ALBERTO', 'LOPEZ', 'BECERRA', '412'),
('13040569', 'OLLIN', 'PEREZ', 'OLIVA', '423'),
('13040571', 'SUGEY MONTSERRAT', 'RAZO', 'RIZO', '422'),
('13040579', 'DEBHORA VIANEYL', 'VELAZCO', 'SENTIES', '422'),
('13040580', 'RAUL OCTAVIO', 'VILLELA', 'GOMEZ', '422'),
('13040583', 'DULCE GUADALUPE', 'ALDANA', 'FRANCO', '422'),
('13040585', 'URIEL', 'CERVANTES', 'DOMINGUEZ', '421'),
('13040590', 'SHELLY NAOMI', 'FLORES', 'LOPEZ', '411'),
('13040596', 'JOSE RICARDO', 'HIPOLITO', 'ALVARADO', '423'),
('13040601', 'DAVID SALVADOR', 'MENDOZA', 'ROJAS', '423'),
('13040604', 'ABRAHAM', 'MORALES', 'HERNANDEZ', '421'),
('13040610', 'SEBASTIAN JAIR', 'PERALTA', 'AYALA', '413'),
('13040613', 'CEDRIC DE JESUS', 'RODRIGUEZ', 'GARCIA', '412'),
('13040620', 'AIXCHELL CAMILA', 'ALONSO', 'FLORES', '412'),
('13040621', 'JOSE ROBERTO', 'CABALLERO', 'VARGAS', '412'),
('13040622', 'MAURICIO AARON', 'CABRERA', 'SANCHEZ', '423'),
('13040623', 'VALERIA', 'CAMPA', 'DIAZ', '411'),
('13040625', 'GILBERTO ISMAEL ODON', 'DE LUNA', 'ZAINOS', '422'),
('13040634', 'HECTOR ULISES', 'LAZARO', 'LAZARO', '413'),
('13040637', 'ROBERT ALEXIS', 'LOPEZ', 'REYES', '423'),
('13040639', 'OSVALDO', 'MEJIA', 'ARMIJO', '421'),
('13040643', 'DAFNE ABIGAIL', 'OLVERA', 'REYES', '421'),
('13040644', 'MICHELLE', 'ORTIZ', 'PADILLA', '423'),
('13040651', 'ALMA MICHELLE', 'TORRES', 'MENDOZA', '422'),
('13040652', 'MIGUEL ANGEL', 'TREVIÑO', 'GONZALEZ', '421'),
('13040654', 'CARLOS EDUARDO', 'VENEGAS', 'PARRA', '423'),
('13041000', 'EDER', 'GARCIA', 'LASTIRI', '422'),
('13041001', 'XCARET', 'ORTIZ', 'GONZALEZ', '411'),
('13046004', 'KARLA', 'RUBIO', 'GARCIA', '423'),
('13046007', 'NAYELLI ITZEL', 'GUTIERREZ', 'MARTINEZ', '423'),
('13047003', 'LUIS ARTURO', 'CABRERA', 'GUZMAN', '413'),
('13047004', 'MONSERRAT', 'MORENO', 'MORA', '412'),
('13047008', 'AUDREY LISETTE', 'ORTIZ', 'NAVARRO', '411'),
('13047010', 'KAREN ALEXIA', 'MANCILLA', 'RAMIREZ', '422'),
('13047012', 'FERNANDO', 'RODRIGUEZ', 'ALVAREZ', '423'),
('13048003', 'YENY FERNANDA', 'CASTILLO', 'OLVERA', '413'),
('13048005', 'ALONDRA BRISEIDA', 'CRUZ', 'MORENO', '412'),
('13048012', 'XIMENA', 'QUINTERO', 'MEJIA', '411'),
('13048016', 'CESAR ALEE', 'BELTRAN', 'TAPIA', '423'),
('13048018', 'EDUARDO', 'GARCIA', 'CASTAÑEDA', '421'),
('13048021', 'KEVIN ISAAC', 'LAZCANO', 'FRIAS', '421'),
('13048031', 'ESTEFANIA', 'CRUZ', 'FRAGOSO', '422'),
('13048040', 'BRIAN EDUARDO', 'LUGO', 'CANO', '421'),
('13048042', 'PAOLA BEATRIZ', 'RAMIREZ', 'GUERRERO', '423'),
('13048056', 'ENRIQUE GAEL', 'HERNANDEZ', 'MOYA', '411'),
('13048073', 'NATALY', 'SALINAS', 'LOPEZ', '411'),
('13049000', 'FABIO', 'CASTELLANOS', 'RAMOS', '421'),
('13049003', 'ANGELICA VALERIA', 'CRUZ', 'GALVAN', '423'),
('13049004', 'SERGIO ARMANDO', 'RAMIREZ', 'PONCE', '222'),
('13049010', 'JOHAN ALEXIS', 'ORTIZ', 'ARREDONDO', '412'),
('13049012', 'ENYA', 'JAIME', 'GUERRERO', '421'),
('13049020', 'KEVIN EMMANUEL', 'GONZALEZ', 'ORDAZ', '413'),
('13049023', 'MARIA DEL ROSARIO', 'SANCHEZ', 'VARGAS', '413'),
('13049090', 'SANDRA PAOLA', 'LANDIN', 'HERNANDEZ', '413'),
('13049095', 'MELANIE ODETTE', 'CERVANTES', 'PEREZ', '422'),
('13049096', 'SEBASTIAN', 'JIMENEZ', 'PACHECO', '423'),
('13049999', 'EDWIN YAEL', 'GONZALEZ', 'ESTRADA', '421'),
('14040001', 'EDUARDO EMMANUEL', 'BAZAN', 'MARTINEZ', '213'),
('14040002', 'ARIADNA', 'CHAVEZ', 'CORDOVA', '213'),
('14040004', 'VALERIA', 'CUESTA', ' HERNANDEZ', '212'),
('14040009', 'NERI ABIUD', 'GONZALEZ', 'VILLALPANDO', '213'),
('14040014', 'LEONARDO DE JESUS', 'LOPEZ', 'BIBRIESCA', '212'),
('14040019', 'VALERIA XIMENA', 'MORALES', 'ALFARO', '211'),
('14040023', 'MAXIMILIANO ', 'RODRIGUEZ', 'HUITRON', '221'),
('14040024', 'LUIS HUMBERTO', 'ROMERO', 'PEREZ', '211'),
('14040039', 'ALEX YAIR', 'LOZANO', 'ACOSTA', '212'),
('14040042', 'FATIMA ALEJANDRA', 'MENDEZ', 'RODRIGUEZ', '211'),
('14040045', 'MARIANA', 'PEREZ', 'BENITEZ', '213'),
('14040047', 'SEBASTIAN  DE JESUS', 'RAMIREZ', 'RIVERA', '222'),
('14040053', 'MARIA FERNANDA', 'RUEDA', 'CALIXTO', '211'),
('14040054', 'MAXIMILIANO ', 'RUIZ', 'ORTIZ', '221'),
('14040064', 'LUIS RUBEN', 'GARCIA', 'MARTINEZ', '213'),
('14040065', 'PAOLA ISABEL', 'GARCIA', 'BUENDIA', '213'),
('14040069', 'DANIELA', 'HERNANDEZ', 'PEREZ', '212'),
('14040071', 'BRENDA ANAHI', 'JUAREZ', 'FRAGOSO', '212'),
('14040073', 'CAMILA ANDREA', 'MARTINEZ', 'MONTES', '211'),
('14040080', 'IVONNE STEFANY', 'PIÑA', 'VARGAS', '212'),
('14040081', 'JORGE', 'QUIROZ', 'TELLO', '212'),
('14040085', 'CYNTHIA IVETTE', 'SILVA', 'HERNANDEZ', '213'),
('14040089', 'ARELY', 'ANGUIANO', 'RODRIGUEZ', '211'),
('14040091', 'BRUNO ', 'CASADO', 'HERNANDEZ', '221'),
('14040095', 'LUIS ANTONIO', 'ELIAS', 'HERNÁNDEZ', '211'),
('14040096', 'YILDRETH JETSAREID', 'GARCES', 'PINEDA', '212'),
('14040097', 'EVELINE PAOLA', 'GARCIA', 'BALBUENA', '222'),
('14040100', 'DIEGO JAEL', 'LUJA', 'MURILLO', '211'),
('14040102', ' DANIELA BERENICE', 'MENDEZ', 'BARRERA', '222'),
('14040103', 'HUGO', 'MERELES', 'CALLEJA', '213'),
('14040104', 'MARIA FERNANDA', 'MURGUIA', 'ORDAZ', '213'),
('14040105', 'MARIA VALERIA ', 'PADILLA', 'JUAREZ', '222'),
('14040108', 'FERNANDA XIMENA', 'SALDAÑA', 'GARDUÑO', '212'),
('14040113', 'CARLOS EMANUEL', 'VALDEZ', 'RODRIGUEZ', '213'),
('14040121', 'ITZEL', 'DE LOS REYES ', 'ARROYO', '221'),
('14040123', 'DANIEL', 'ELIAS', 'ELIAS', '221'),
('14040124', ' JAZMIN SARAHI', 'ESCOBAR', 'ORTEGA', '221'),
('14040126', ' DIEGO ALBERTO', 'GARCIA', 'CORTES', '212'),
('14040128', 'KATHERINE ITZEL', 'JIMENEZ', 'MIGUEL', '211'),
('14040130', 'VALERIA JOALY', 'LOPEZ', 'GUZMAN', '213'),
('14040132', 'MARTHA AMAIRA', 'MELENDEZ', 'DEL VALLE', '211'),
('14040135', 'LUIS GERARDO', 'ORTIZ', 'CRUZ', '211'),
('14040137', 'GABRIELA', 'REYES', 'MARTINEZ', '212'),
('14040138', 'SEBASTIAN', 'SEDANO', 'CASTAÑEDA', '212'),
('14040140', 'JATZIRY GUILLERMINA ', 'TORRES', 'ESCUTIA', '222'),
('14040141', 'DIEGO NATHANAEL', 'VELAZQUEZ', 'SOTO', '211'),
('14040142', 'JESUS ALBERTO', 'VELAZQUEZ', 'SOTO', '222'),
('14040144', 'JOAHAN ALEJANDRO', 'ARELLANO', 'GONZALEZ', '213'),
('14040145', 'ERICK ELI', 'BEJARANO', 'AVENDAÑO', '211'),
('14040148', 'PAOLA ODETTE', 'ENRIQUEZ', 'SANCHEZ', '221'),
('14040158', 'PAULINA', 'MUÑOZ', 'VILLA', '212'),
('14040159', 'RODRIGO', 'NIETO', 'VALERA', '212'),
('14040161', 'MIGUEL ALEJANDRO', 'PABLO', 'VELAZQUEZ', '221'),
('14040163', ' JOSUE BENJAMIN', 'REYES', 'LOPEZ', '212'),
('14040169', 'ALEJANDRO', 'ESPINOSA', 'LOPEZ', '221'),
('14040174', 'BRAYAN ALBERTO', 'CHAVEZ', 'MARQUEZ', '213'),
('14040178', 'VICTOR JULIAN', 'FLORES', 'AVILA', '211'),
('14040181 ', 'ROMINA ROXANA', 'GONZALEZ', 'ROSALES', '221'),
('14040184', 'FRANCISCO', 'LEMUS', 'ALCALA', '211'),
('14040185', 'RICARDO', 'LOPEZ', 'ALVAREZ', '212'),
('14040189', 'DIEGO', 'MUÑOZ', 'RODRIGUEZ', '213'),
('14040193', 'ALDO JESUS', 'RAMIREZ', 'CASTILLO', '211'),
('14040195', 'DARIO ANTONIO', 'SOTO', 'ESPINOZA', '212'),
('14040207', 'DIANA VICTORIA', 'DIAZ', 'LUNA', '213'),
('14040208', 'KRISTHIAN YOLTIC', 'DIAZ', 'NIETO', '213'),
('14040210', 'ISAAC OLIVIER', 'GARCIA', 'JASSO', '211'),
('14040214', 'SEBASTIAN ISAAC', 'LOPEZ', 'GUARNEROS', '221'),
('14040229', 'GULLERMO', 'AGUILAR', 'CORONA', '221'),
('14040234', 'DANIELA SARAHI', 'CASTILLO', 'SANCHEZ', '213'),
('14040235', 'DANIELA MAYTE', 'CHEVANIER', 'DIAZ', '221'),
('14040237', ' EMILIANO', 'FERRER', 'MIRANDA', '221'),
('14040246', 'ITZARI GUADALUPE', 'PEDRAZA', 'RODRIGUEZ', '221'),
('14040247', 'EMILIANO NOEL', 'RADILLA', 'ALTAMIRANO', '212'),
('14040251', 'LIZANDRO MANUEL', 'RUIZ', 'VAZQUEZ', '222'),
('14040255', 'KAREN VIANEY', 'SOLIS', 'FONSECA', '212'),
('14040258', ' CESAR ALEJANDRO', 'VILLA', 'HERNANDEZ', '213'),
('14040268', 'DAIRA AMEYALLI', 'DOMINGUEZ', 'TORRES', '211'),
('14040272', 'TANYA', 'HERNANDEZ', 'CAMACHO', '212'),
('14040275', 'DIEGO RAUL', 'MARIN', 'GARCIA', '213'),
('14040278', 'REYNA', 'NORIEGA', 'MENDIOLA', '222'),
('14040287', 'LESLIE MARYELL', 'ZEPEDA', 'REYES', '221'),
('14040288', 'FERNANDA JACQUELINE', 'ALCANTARA', 'SALAZAR', '213'),
('14040289', 'DULCE CAMILA', 'ARANDA', 'SILVA', '212'),
('14040293', 'RODRIGO', 'CORREA', 'LOPEZ', '211'),
('14040295', 'ADRIANA', 'GERVACIO', 'GUENDULAY', '211'),
('14040299', 'ITZIA MARIA', 'JUAREZ', 'TELLEZ', '212'),
('14040303', 'KATIA ODETTE', 'PALMA', 'ROQUE', '211'),
('14040312', 'SANDRA PAOLA', 'VARELA', 'GOMEZ', '222'),
('14040314', ' ITZEL', 'VILLEGAS', 'MAXIMILIANO', '213'),
('14040315', 'DIEGO LEONARDO', 'ZAMORA', 'GARCIA', '212'),
('14040327', 'ALEXIS', 'FLORES', 'FLORES', '212'),
('14040330', 'PATRICIA ', 'GUERRA', 'TORRES', '221'),
('14040333', 'MICHELLE DENISSE', 'MENDIZABAL', 'VELAZQUEZ', '212'),
('14040336', 'MAYTE', 'MORALES', 'LUCIO', '211'),
('14040337', 'NATALIA', 'OSORIO', 'ROQUE', '213'),
('14040338', 'DANIELA MONSERRAT', 'PAISANO', 'GARCIA', '212'),
('14040342', 'OWEN', 'ROSALES', 'CASTRO', '211'),
('14040360', 'DIEGO', 'MAURICIO', 'ALVAREZ', '211'),
('14040364', 'IVAN HASIEL', 'OSEGUEDA', 'SANTOS', '221'),
('14040369', 'RODRIGO DIDIER', 'RUIZ', 'PEREZ', '213'),
('14040374', 'IRVING ALEJANDRO', 'VEGA', 'LAGUNAS', '221'),
('14040376', 'RAZIEL GUADALUPE', 'AGUIRRE', 'CASTILLO', '212'),
('14040379', 'MARIA FERNANDA', 'CASTILLO', 'RODRIGUEZ', '212'),
('14040380', 'VALERIA YAMILE', 'CRUZ', 'MARTÍNEZ', '211'),
('14040382', 'FATIMA BETSABE', 'DIAZ', 'RIOS', '213'),
('14040384', 'MARIANA REGINA', 'ESCUDERO', 'VALENCIA', '213'),
('14040387', 'FERNANDO', 'HERNANDEZ', 'ANAYA', '222'),
('14040390', 'WENDY GUADALUPE', 'MUÑOZ', 'RODRIGUEZ', '211'),
('14040394', 'JENNIFER LIZBETH', 'RANGEL', 'TEPEXICUAPAN', '211'),
('14040397', 'RICARDO', 'ROSAS', 'PERDOMO', '211'),
('14040400', 'DANTE FERNANDO', 'SILVA', 'ANGUIANO', '211'),
('14040402', 'MAURICIO ALEJANDRO', 'VILLEGAS', 'ADAME', '222'),
('14040403', 'DANAE GUADALUPE', 'ZAVALA', 'UGALDE', '213'),
('14041404', 'EMILY ', 'SALINAS', 'LOPEZ', '221'),
('14041408', ' DAFNE ALEXANDRA', 'RAMIREZ', 'MARIN', '213'),
('14041409', 'EDGAR DANIEL', 'MARTINEZ', 'RAMIREZ', '221'),
('14041410', 'BERENICE ', 'SERRANO', 'TORRES', '222'),
('14041412', 'ALAN MAGDIEL', 'OSORIO', 'MONROY', '212'),
('14041415', 'ABRIL', 'BAUTISTA', 'SAUCEDO', '213'),
('14041416', 'ARELY DENISE', 'MARTINEZ', 'VALLEJO ', '221'),
('14041418', 'METZLI MARIA NATALI', 'SANCHEZ', 'XAVIER ', '221'),
('14041419', 'ALAN JAIR', 'RAMIREZ', 'MENESES ', '222'),
('14041425', 'ULISES URIEL', 'HERNANDEZ', 'MENDEZ', '212'),
('14041429', ' INA PAOLA', 'OLIVARES', 'MARTINEZ', '222'),
('14041430', 'ANA MERCEDES', 'RAMIREZ', 'MARTINEZ', '222'),
('14041431', 'NATALIA', 'BONILLA', 'ROBLES', '221'),
('14041435', 'CINTIA DANIELA', 'JASSO', 'LAMPON', '211'),
('14041440', 'PAMELA', 'BELMONT', 'RODRIGUEZ', '222'),
('14042450', 'RAZIEL ALEXEI', 'CABRERA', 'SEBASTIAN', '221'),
('14042455', 'NENEKI ', 'PEREZ', 'CAUDILLO', '222'),
('14042460', 'NICTEHA ', 'PEREZ', 'CAUDILLO', '221'),
('14042465', 'EMILIANO ', 'LECOURTOIS', 'PEREZ', '222'),
('14042490', 'DAVID', 'CAMPA', 'DIAZ', '222'),
('14042495', 'KARLA XIMENA', 'GONZALEZ ', 'MEZA', '221'),
('14048010', 'REGINA', 'MONTOYA', 'AGUSTIN', '213'),
('14049001', 'ANETTE GUADALUPE ', 'COLIN', 'MONTIEL', '222');

-- --------------------------------------------------------

--
-- Table structure for table `calificacion`
--

CREATE TABLE `calificacion` (
  `folio_alumno` varchar(10) COLLATE utf8_spanish2_ci NOT NULL,
  `id_pregunta` varchar(10) COLLATE utf8_spanish2_ci NOT NULL,
  `respuesta_dada` varchar(255) COLLATE utf8_spanish2_ci NOT NULL,
  `respuesta_correcta` varchar(255) COLLATE utf8_spanish2_ci NOT NULL,
  `correcta/incorrecta` varchar(15) COLLATE utf8_spanish2_ci NOT NULL,
  `puntuacion` varchar(10) COLLATE utf8_spanish2_ci NOT NULL
) ENGINE=InnoDB DEFAULT CHARSET=utf8 COLLATE=utf8_spanish2_ci;

--
-- Dumping data for table `calificacion`
--

INSERT INTO `calificacion` (`folio_alumno`, `id_pregunta`, `respuesta_dada`, `respuesta_correcta`, `correcta/incorrecta`, `puntuacion`) VALUES
('13040012', '2168109', 'R1(config­-if)#', 'R1(config-­line)#', 'Incorrecta', '0'),
('13040012', '2168104', '8', '8', 'Correcta', '1'),
('13040012', '2168107', 'Copiar', 'Utilizar', 'Incorrecta', '0'),
('13040012', '2168108', 'La', 'La', 'Incorrecta', '0'),
('13040012', '2168110', 'vty', 'vty', 'Correcta', '1'),
('13040012', '2168103', 'A', 'Las', 'Incorrecta', '0'),
('13040012', '2168102', 'Dirección', 'Dirección', 'Incorrecta', '0'),
('13040012', '2168105', 'Saliente', 'Saliente', 'Incorrecta', '0'),
('13040012', '2168101', 'Cuando', 'Cuando', 'Incorrecta', '0'),
('13040012', '2168106', 'En', 'En', 'Correcta', '1'),
('13040023', '2168108', 'La', 'La', 'Correcta', '1'),
('13040023', '2168104', '8', '8', 'Correcta', '1'),
('13040023', '2168107', 'Utilizar', 'Utilizar', 'Correcta', '1'),
('13040023', '2168106', 'En', 'En', 'Correcta', '1'),
('13040023', '2168110', 'de', 'vty', 'Incorrecta', '0'),
('13040023', '2168109', 'R1(config-­line)#', 'R1(config-­line)#', 'Correcta', '1'),
('13040023', '2168102', 'Dirección', 'Dirección', 'Correcta', '1'),
('13040023', '2168101', 'Cuando', 'Cuando', 'Incorrecta', '0'),
('13040023', '2168105', 'Saliente', 'Saliente', 'Incorrecta', '0'),
('13040023', '2168103', 'Las', 'Las', 'Correcta', '1'),
('13040063', '2168102', 'Dirección', 'Dirección', 'Incorrecta', '0'),
('13040063', '2168105', 'Saliente', 'Saliente', 'Incorrecta', '0'),
('13040063', '2168109', 'R1(config-­line)#', 'R1(config-­line)#', 'Incorrecta', '0'),
('13040063', '2168101', 'Cuando', 'Cuando', 'Incorrecta', '0'),
('13040063', '2168104', '6', '8', 'Incorrecta', '0'),
('13040063', '2168106', 'En', 'En', 'Incorrecta', '0'),
('13040063', '2168103', 'A', 'Las', 'Incorrecta', '0'),
('13040063', '2168107', 'Utilizar', 'Utilizar', 'Incorrecta', '0'),
('13040063', '2168110', 'vty', 'vty', 'Correcta', '1'),
('13040063', '2168108', 'La', 'La', 'Incorrecta', '0'),
('13040080', '2168110', 'serie', 'vty', 'Incorrecta', '0'),
('13040080', '2168106', 'En', 'En', 'Incorrecta', '0'),
('13040080', '2168104', '6', '8', 'Incorrecta', '0'),
('13040080', '2168105', 'Saliente', 'Saliente', 'Correcta', '1'),
('13040080', '2168108', 'La', 'La', 'Incorrecta', '0'),
('13040080', '2168103', 'Las', 'Las', 'Incorrecta', '0'),
('13040080', '2168109', 'R1(config-­line)#', 'R1(config-­line)#', 'Correcta', '1'),
('13040080', '2168107', 'Utilizar', 'Utilizar', 'Incorrecta', '0'),
('13040080', '2168101', 'Cuando', 'Cuando', 'Incorrecta', '0'),
('13040080', '2168102', 'Dirección', 'Dirección', 'Correcta', '1'),
('13040102', '2168107', 'Utilizar', 'Utilizar', 'Correcta', '1'),
('13040102', '2168109', 'R1(config-­line)#', 'R1(config-­line)#', 'Incorrecta', '0'),
('13040102', '2168101', 'Cuando', 'Cuando', 'Incorrecta', '0'),
('13040102', '2168110', 'vty', 'vty', 'Correcta', '1'),
('13040102', '2168105', 'Entrante', 'Saliente', 'Incorrecta', '0'),
('13040102', '2168102', 'Dirección', 'Dirección', 'Correcta', '1'),
('13040102', '2168103', 'Las', 'Las', 'Correcta', '1'),
('13040102', '2168104', '8', '8', 'Correcta', '1'),
('13040102', '2168108', 'La', 'La', 'Incorrecta', '0'),
('13040102', '2168106', 'En', 'En', 'Correcta', '1'),
('13040105', '2168110', 'vty', 'vty', 'Correcta', '1'),
('13040105', '2168108', 'La', 'La', 'Correcta', '1'),
('13040105', '2168105', 'Saliente', 'Saliente', 'Correcta', '1'),
('13040105', '2168104', '8', '8', 'Correcta', '1'),
('13040105', '2168102', 'Dirección', 'Dirección', 'Incorrecta', '0'),
('13040105', '2168107', 'Utilizar', 'Utilizar', 'Correcta', '1'),
('13040105', '2168106', 'En', 'En', 'Incorrecta', '0'),
('13040105', '2168101', 'Cuando', 'Cuando', 'Incorrecta', '0'),
('13040105', '2168109', 'R1(config-­if)#', 'R1(config-­line)#', 'Incorrecta', '0'),
('13040105', '2168103', 'A', 'Las', 'Incorrecta', '0'),
('13040146', '2168101', 'Cuando', 'Cuando', 'Incorrecta', '0'),
('13040146', '2168104', '4', '8', 'Incorrecta', '0'),
('13040146', '2168105', 'Entrante', 'Saliente', 'Incorrecta', '0'),
('13040146', '2168109', 'R1(config­-if)#', 'R1(config-­line)#', 'Incorrecta', '0'),
('13040146', '2168102', 'Dirección', 'Dirección', 'Incorrecta', '0'),
('13040146', '2168110', 'vty', 'vty', 'Correcta', '1'),
('13040146', '2168107', 'Utilizar', 'Utilizar', 'Correcta', '1'),
('13040146', '2168103', 'A', 'Las', 'Incorrecta', '0'),
('13040146', '2168108', 'La', 'La', 'Incorrecta', '0'),
('13040146', '2168106', 'En', 'En', 'Correcta', '1'),
('13040159', '2168108', 'La', 'La', 'Correcta', '1'),
('13040159', '2168104', '8', '8', 'Correcta', '1'),
('13040159', '2168107', 'Utilizar', 'Utilizar', 'Correcta', '1'),
('13040159', '2168103', 'Las', 'Las', 'Incorrecta', '0'),
('13040159', '2168106', 'En', 'En', 'Correcta', '1'),
('13040159', '2168105', 'Saliente', 'Saliente', 'Correcta', '1'),
('13040159', '2168102', 'Dirección', 'Dirección', 'Incorrecta', '0'),
('13040159', '2168109', 'R1(config-­line)#', 'R1(config-­line)#', 'Correcta', '1'),
('13040159', '2168110', 'de', 'vty', 'Incorrecta', '0'),
('13040159', '2168101', 'Cuando', 'Cuando', 'Incorrecta', '0'),
('13040246', '2168105', 'Saliente', 'Saliente', 'Correcta', '1'),
('13040246', '2168106', 'En', 'En', 'Correcta', '1'),
('13040246', '2168102', 'Dirección', 'Dirección', 'Correcta', '1'),
('13040246', '2168104', '8', '8', 'Correcta', '1'),
('13040246', '2168103', 'Las', 'Las', 'Correcta', '1'),
('13040246', '2168110', 'de', 'vty', 'Incorrecta', '0'),
('13040246', '2168101', 'Cuando', 'Cuando', 'Correcta', '1'),
('13040246', '2168107', 'Utilizar', 'Utilizar', 'Correcta', '1'),
('13040246', '2168109', 'R1(config-­line)#', 'R1(config-­line)#', 'Correcta', '1'),
('13040246', '2168108', 'La', 'La', 'Correcta', '1'),
('13040248', '2168101', 'Cuando', 'Cuando', 'Incorrecta', '0'),
('13040248', '2168107', 'Copiar', 'Utilizar', 'Incorrecta', '0'),
('13040248', '2168105', 'Entrante', 'Saliente', 'Incorrecta', '0'),
('13040248', '2168108', 'La', 'La', 'Correcta', '1'),
('13040248', '2168106', 'En', 'En', 'Correcta', '1'),
('13040248', '2168102', 'Dirección', 'Dirección', 'Incorrecta', '0'),
('13040248', '2168109', 'R1(config­-if)#', 'R1(config-­line)#', 'Incorrecta', '0'),
('13040248', '2168110', 'ethernet', 'vty', 'Incorrecta', '0'),
('13040248', '2168104', '8', '8', 'Correcta', '1'),
('13040248', '2168103', 'En', 'Las', 'Incorrecta', '0'),
('13040252', '2168101', 'Cuando', 'Cuando', 'Correcta', '1'),
('13040252', '2168106', 'En', 'En', 'Correcta', '1'),
('13040252', '2168107', 'Crear', 'Utilizar', 'Incorrecta', '0'),
('13040252', '2168108', 'La', 'La', 'Correcta', '1'),
('13040252', '2168109', 'R1(config-­line)#', 'R1(config-­line)#', 'Correcta', '1'),
('13040252', '2168104', '8', '8', 'Correcta', '1'),
('13040252', '2168103', 'Las', 'Las', 'Correcta', '1'),
('13040252', '2168110', 'vty', 'vty', 'Correcta', '1'),
('13040252', '2168102', 'Dirección', 'Dirección', 'Correcta', '1'),
('13040252', '2168105', 'Saliente', 'Saliente', 'Correcta', '1'),
('13040291', '2168107', 'Utilizar', 'Utilizar', 'Correcta', '1'),
('13040291', '2168106', 'En', 'En', 'Incorrecta', '0'),
('13040291', '2168102', 'Dirección', 'Dirección', 'Incorrecta', '0'),
('13040291', '2168108', 'La', 'La', 'Correcta', '1'),
('13040291', '2168109', 'R1(config-­line)#', 'R1(config-­line)#', 'Correcta', '1'),
('13040291', '2168103', 'Las', 'Las', 'Correcta', '1'),
('13040291', '2168104', '6', '8', 'Incorrecta', '0'),
('13040291', '2168101', 'Cuando', 'Cuando', 'Incorrecta', '0'),
('13040291', '2168110', 'vty', 'vty', 'Correcta', '1'),
('13040291', '2168105', 'Saliente', 'Saliente', 'Correcta', '1'),
('13040382', '2168109', 'R1(config-­line)#', 'R1(config-­line)#', 'Correcta', '1'),
('13040382', '2168105', 'Saliente', 'Saliente', 'Incorrecta', '0'),
('13040382', '2168104', '8', '8', 'Correcta', '1'),
('13040382', '2168110', 'vty', 'vty', 'Correcta', '1'),
('13040382', '2168103', 'A', 'Las', 'Incorrecta', '0'),
('13040382', '2168106', 'En', 'En', 'Correcta', '1'),
('13040382', '2168108', 'La', 'La', 'Incorrecta', '0'),
('13040382', '2168107', 'Utilizar', 'Utilizar', 'Incorrecta', '0'),
('13040382', '2168102', 'Dirección', 'Dirección', 'Correcta', '1'),
('13040382', '2168101', 'Cuando', 'Cuando', 'Incorrecta', '0'),
('13040383', '2168109', 'R1(config-­line)#', 'R1(config-­line)#', 'Incorrecta', '0'),
('13040383', '2168110', 'vty', 'vty', 'Correcta', '1'),
('13040383', '2168108', 'La', 'La', 'Incorrecta', '0'),
('13040383', '2168101', 'Cuando', 'Cuando', 'Correcta', '1'),
('13040383', '2168103', 'Las', 'Las', 'Correcta', '1'),
('13040383', '2168106', 'En', 'En', 'Correcta', '1'),
('13040383', '2168102', 'Dirección', 'Dirección', 'Correcta', '1'),
('13040383', '2168107', 'Utilizar', 'Utilizar', 'Incorrecta', '0'),
('13040383', '2168105', 'Saliente', 'Saliente', 'Incorrecta', '0'),
('13040383', '2168104', '8', '8', 'Correcta', '1'),
('13040433', '2168102', 'Dirección', 'Dirección', 'Correcta', '1'),
('13040433', '2168104', '8', '8', 'Correcta', '1'),
('13040433', '2168107', 'Utilizar', 'Utilizar', 'Correcta', '1'),
('13040433', '2168108', 'La', 'La', 'Correcta', '1'),
('13040433', '2168110', 'vty', 'vty', 'Correcta', '1'),
('13040433', '2168106', 'En', 'En', 'Correcta', '1'),
('13040433', '2168103', 'Las', 'Las', 'Correcta', '1'),
('13040433', '2168101', 'Cuando', 'Cuando', 'Correcta', '1'),
('13040433', '2168105', 'Saliente', 'Saliente', 'Correcta', '1'),
('13040433', '2168109', 'R1(config-­line)#', 'R1(config-­line)#', 'Correcta', '1'),
('13040437', '2168103', 'Las', 'Las', 'Correcta', '1'),
('13040437', '2168104', '8', '8', 'Correcta', '1'),
('13040437', '2168107', 'Utilizar', 'Utilizar', 'Correcta', '1'),
('13040437', '2168106', 'En', 'En', 'Incorrecta', '0'),
('13040437', '2168102', 'Dirección', 'Dirección', 'Correcta', '1'),
('13040437', '2168105', 'Saliente', 'Saliente', 'Correcta', '1'),
('13040437', '2168101', 'Cuando', 'Cuando', 'Correcta', '1'),
('13040437', '2168108', 'La', 'La', 'Incorrecta', '0'),
('13040437', '2168109', 'R1(config-­line)#', 'R1(config-­line)#', 'Correcta', '1'),
('13040437', '2168110', 'vty', 'vty', 'Correcta', '1'),
('13040471', '2168101', 'Cuando', 'Cuando', 'Incorrecta', '0'),
('13040471', '2168103', 'Las', 'Las', 'Correcta', '1'),
('13040471', '2168104', '8', '8', 'Correcta', '1'),
('13040471', '2168107', 'Utilizar', 'Utilizar', 'Correcta', '1'),
('13040471', '2168108', 'La', 'La', 'Incorrecta', '0'),
('13040471', '2168102', 'Dirección', 'Dirección', 'Correcta', '1'),
('13040471', '2168110', 'vty', 'vty', 'Correcta', '1'),
('13040471', '2168106', 'En', 'En', 'Correcta', '1'),
('13040471', '2168109', 'R1(config-­line)#', 'R1(config-­line)#', 'Correcta', '1'),
('13040471', '2168105', 'Saliente', 'Saliente', 'Incorrecta', '0'),
('13040473', '2168103', 'Las', 'Las', 'Correcta', '1'),
('13040473', '2168106', 'En', 'En', 'Correcta', '1'),
('13040473', '2168110', 'ethernet', 'vty', 'Incorrecta', '0'),
('13040473', '2168102', 'Dirección', 'Dirección', 'Incorrecta', '0'),
('13040473', '2168104', '32', '8', 'Incorrecta', '0'),
('13040473', '2168107', 'Utilizar', 'Utilizar', 'Correcta', '1'),
('13040473', '2168105', 'Saliente', 'Saliente', 'Incorrecta', '0'),
('13040473', '2168108', 'La', 'La', 'Correcta', '1'),
('13040473', '2168101', 'Cuando', 'Cuando', 'Correcta', '1'),
('13040473', '2168109', 'R1(config-­line)#', 'R1(config-­line)#', 'Correcta', '1'),
('13040554', '2168108', 'La', 'La', 'Correcta', '1'),
('13040554', '2168101', 'Cuando', 'Cuando', 'Correcta', '1'),
('13040554', '2168110', 'vty', 'vty', 'Correcta', '1'),
('13040554', '2168103', 'Las', 'Las', 'Correcta', '1'),
('13040554', '2168105', 'Entrante', 'Saliente', 'Incorrecta', '0'),
('13040554', '2168102', 'Dirección', 'Dirección', 'Correcta', '1'),
('13040554', '2168104', '8', '8', 'Correcta', '1'),
('13040554', '2168106', 'En', 'En', 'Incorrecta', '0'),
('13040554', '2168107', 'Utilizar', 'Utilizar', 'Correcta', '1'),
('13040554', '2168109', 'R1(config-­line)#', 'R1(config-­line)#', 'Correcta', '1'),
('13040585', '2168103', 'A', 'Las', 'Incorrecta', '0'),
('13040585', '2168106', 'En', 'En', 'Incorrecta', '0'),
('13040585', '2168110', 'vty', 'vty', 'Correcta', '1'),
('13040585', '2168108', 'La', 'La', 'Incorrecta', '0'),
('13040585', '2168104', '8', '8', 'Correcta', '1'),
('13040585', '2168105', 'Entrante', 'Saliente', 'Incorrecta', '0'),
('13040585', '2168109', 'R1(config­-if)#', 'R1(config-­line)#', 'Incorrecta', '0'),
('13040585', '2168102', 'Dirección', 'Dirección', 'Correcta', '1'),
('13040585', '2168101', 'Cuando', 'Cuando', 'Correcta', '1'),
('13040585', '2168107', 'Copiar', 'Utilizar', 'Incorrecta', '0'),
('13040585', '2168103', 'A', 'Las', 'Incorrecta', '0'),
('13040585', '2168106', 'En', 'En', 'Incorrecta', '0'),
('13040585', '2168110', 'vty', 'vty', 'Correcta', '1'),
('13040585', '2168108', 'La', 'La', 'Incorrecta', '0'),
('13040585', '2168104', '8', '8', 'Correcta', '1'),
('13040585', '2168105', 'Entrante', 'Saliente', 'Incorrecta', '0'),
('13040585', '2168109', 'R1(config­-if)#', 'R1(config-­line)#', 'Incorrecta', '0'),
('13040585', '2168102', 'Dirección', 'Dirección', 'Correcta', '1'),
('13040585', '2168101', 'Cuando', 'Cuando', 'Correcta', '1'),
('13040585', '2168107', 'Copiar', 'Utilizar', 'Incorrecta', '0'),
('13040604', '2168104', '32', '8', 'Incorrecta', '0'),
('13040604', '2168103', 'Las', 'Las', 'Correcta', '1'),
('13040604', '2168105', 'Saliente', 'Saliente', 'Correcta', '1'),
('13040604', '2168102', 'Dirección', 'Dirección', 'Incorrecta', '0'),
('13040604', '2168108', 'La', 'La', 'Incorrecta', '0'),
('13040604', '2168109', 'R1(config­-if)#', 'R1(config-­line)#', 'Incorrecta', '0'),
('13040604', '2168110', 'vty', 'vty', 'Correcta', '1'),
('13040604', '2168106', 'En', 'En', 'Incorrecta', '0'),
('13040604', '2168107', 'Utilizar', 'Utilizar', 'Incorrecta', '0'),
('13040604', '2168101', 'Cuando', 'Cuando', 'Correcta', '1'),
('13040639', '2168109', 'R1(config­-if)#', 'R1(config-­line)#', 'Incorrecta', '0'),
('13040639', '2168105', 'Saliente', 'Saliente', 'Correcta', '1'),
('13040639', '2168102', 'Dirección', 'Dirección', 'Incorrecta', '0'),
('13040639', '2168104', '4', '8', 'Incorrecta', '0'),
('13040639', '2168107', 'Utilizar', 'Utilizar', 'Incorrecta', '0'),
('13040639', '2168108', 'La', 'La', 'Correcta', '1'),
('13040639', '2168103', 'Las', 'Las', 'Incorrecta', '0'),
('13040639', '2168101', 'Cuando', 'Cuando', 'Incorrecta', '0'),
('13040639', '2168110', 'de', 'vty', 'Incorrecta', '0'),
('13040639', '2168106', 'En', 'En', 'Correcta', '1'),
('13040643', '2168108', 'La', 'La', 'Correcta', '1'),
('13040643', '2168103', 'A', 'Las', 'Incorrecta', '0'),
('13040643', '2168106', 'En', 'En', 'Correcta', '1'),
('13040643', '2168110', 'vty', 'vty', 'Correcta', '1'),
('13040643', '2168102', 'Dirección', 'Dirección', 'Correcta', '1'),
('13040643', '2168107', 'Utilizar', 'Utilizar', 'Correcta', '1'),
('13040643', '2168105', 'Entrante', 'Saliente', 'Incorrecta', '0'),
('13040643', '2168109', 'R1(config­-if)#', 'R1(config-­line)#', 'Incorrecta', '0'),
('13040643', '2168104', '6', '8', 'Incorrecta', '0'),
('13040643', '2168101', 'Cuando', 'Cuando', 'Correcta', '1'),
('13040652', '2168110', 'vty', 'vty', 'Correcta', '1'),
('13040652', '2168102', 'Dirección', 'Dirección', 'Correcta', '1'),
('13040652', '2168105', 'Saliente', 'Saliente', 'Incorrecta', '0'),
('13040652', '2168103', 'Las', 'Las', 'Correcta', '1'),
('13040652', '2168109', 'R1(config-­line)#', 'R1(config-­line)#', 'Correcta', '1'),
('13040652', '2168107', 'Utilizar', 'Utilizar', 'Correcta', '1'),
('13040652', '2168106', 'En', 'En', 'Incorrecta', '0'),
('13040652', '2168108', 'La', 'La', 'Incorrecta', '0'),
('13040652', '2168101', 'Cuando', 'Cuando', 'Incorrecta', '0'),
('13040652', '2168104', '8', '8', 'Correcta', '1'),
('13048018', '2168110', 'vty', 'vty', 'Correcta', '1'),
('13048018', '2168108', 'La', 'La', 'Correcta', '1'),
('13048018', '2168107', 'Utilizar', 'Utilizar', 'Correcta', '1'),
('13048018', '2168105', 'Saliente', 'Saliente', 'Incorrecta', '0'),
('13048018', '2168109', 'R1(config­-if)#', 'R1(config-­line)#', 'Incorrecta', '0'),
('13048018', '2168103', 'En', 'Las', 'Incorrecta', '0'),
('13048018', '2168102', 'Dirección', 'Dirección', 'Incorrecta', '0'),
('13048018', '2168104', '4', '8', 'Incorrecta', '0'),
('13048018', '2168106', 'En', 'En', 'Correcta', '1'),
('13048018', '2168101', 'Cuando', 'Cuando', 'Correcta', '1'),
('13048040', '2168102', 'Dirección', 'Dirección', 'Incorrecta', '0'),
('13048040', '2168103', 'A', 'Las', 'Incorrecta', '0'),
('13048040', '2168105', 'Entrante', 'Saliente', 'Incorrecta', '0'),
('13048040', '2168106', 'En', 'En', 'Correcta', '1'),
('13048040', '2168104', '4', '8', 'Incorrecta', '0'),
('13048040', '2168101', 'Cuando', 'Cuando', 'Incorrecta', '0'),
('13048040', '2168109', 'R1(config­-if)#', 'R1(config-­line)#', 'Incorrecta', '0'),
('13048040', '2168108', 'La', 'La', 'Incorrecta', '0'),
('13048040', '2168107', 'Utilizar', 'Utilizar', 'Correcta', '1'),
('13048040', '2168110', 'vty', 'vty', 'Correcta', '1'),
('13049000', '2168105', 'Saliente', 'Saliente', 'Correcta', '1'),
('13049000', '2168101', 'Cuando', 'Cuando', 'Correcta', '1'),
('13049000', '2168110', 'de', 'vty', 'Incorrecta', '0'),
('13049000', '2168107', 'Utilizar', 'Utilizar', 'Correcta', '1'),
('13049000', '2168102', 'Dirección', 'Dirección', 'Correcta', '1'),
('13049000', '2168106', 'En', 'En', 'Correcta', '1'),
('13049000', '2168108', 'La', 'La', 'Correcta', '1'),
('13049000', '2168103', 'Las', 'Las', 'Correcta', '1'),
('13049000', '2168109', 'R1(config-­line)#', 'R1(config-­line)#', 'Correcta', '1'),
('13049000', '2168104', '8', '8', 'Correcta', '1'),
('13049012', '2168110', 'vty', 'vty', 'Correcta', '1'),
('13049012', '2168105', 'Saliente', 'Saliente', 'Correcta', '1'),
('13049012', '2168107', 'Utilizar', 'Utilizar', 'Correcta', '1'),
('13049012', '2168102', 'Dirección', 'Dirección', 'Incorrecta', '0'),
('13049012', '2168103', 'Las', 'Las', 'Correcta', '1'),
('13049012', '2168108', 'La', 'La', 'Correcta', '1'),
('13049012', '2168106', 'En', 'En', 'Incorrecta', '0'),
('13049012', '2168101', 'Cuando', 'Cuando', 'Incorrecta', '0'),
('13049012', '2168104', '4', '8', 'Incorrecta', '0'),
('13049012', '2168109', 'R1(config-­if)#', 'R1(config-­line)#', 'Incorrecta', '0'),
('13049999', '2168102', 'Dirección', 'Dirección', 'Incorrecta', '0'),
('13049999', '2168106', 'En', 'En', 'Incorrecta', '0'),
('13049999', '2168110', 'vty', 'vty', 'Correcta', '1'),
('13049999', '2168101', 'Cuando', 'Cuando', 'Incorrecta', '0'),
('13049999', '2168107', 'Utilizar', 'Utilizar', 'Correcta', '1'),
('13049999', '2168105', 'Saliente', 'Saliente', 'Correcta', '1'),
('13049999', '2168103', 'A', 'Las', 'Incorrecta', '0'),
('13049999', '2168108', 'La', 'La', 'Incorrecta', '0'),
('13049999', '2168109', 'R1(config-­line)#', 'R1(config-­line)#', 'Correcta', '1'),
('13049999', '2168104', '4', '8', 'Incorrecta', '0'),
('14040023', '2446110', 'Tipos', 'Tipos', 'Correcta', '1'),
('14040023', '2446105', 'int', 'tipo', 'Incorrecta', '0'),
('14040023', '2446103', '.', ';', 'Incorrecta', '0'),
('14040023', '2446109', 'Faltan', 'Faltan', 'Correcta', '1'),
('14040023', '2446108', 'Ninguno', ',', 'Incorrecta', '0'),
('14040023', '2446102', '//', '/*', 'Incorrecta', '0'),
('14040023', '2446107', '4', '4', 'Correcta', '1'),
('14040023', '2446104', 'stdio', 'stdio', 'Correcta', '1'),
('14040023', '2446101', 'Dennis', 'Dennis', 'Correcta', '1'),
('14040023', '2446106', 'Hola', 'Hola', 'Correcta', '1'),
('14040054', '2446101', 'Bill', 'Dennis', 'Incorrecta', '0'),
('14040054', '2446107', '4', '4', 'Correcta', '1'),
('14040054', '2446108', 'Ninguno', ',', 'Incorrecta', '0'),
('14040054', '2446105', 'int', 'tipo', 'Incorrecta', '0'),
('14040054', '2446102', '/*', '/*', 'Correcta', '1'),
('14040054', '2446103', ';', ';', 'Correcta', '1'),
('14040054', '2446104', 'stdio', 'stdio', 'Correcta', '1'),
('14040054', '2446109', 'Faltan', 'Faltan', 'Correcta', '1'),
('14040054', '2446110', 'Instrucciones', 'Tipos', 'Incorrecta', '0'),
('14040054', '2446106', 'Hola', 'Hola', 'Correcta', '1'),
('14040091', '2446107', '4', '4', 'Correcta', '1'),
('14040091', '2446110', 'Instrucciones', 'Tipos', 'Incorrecta', '0'),
('14040091', '2446105', 'tipo', 'tipo', 'Correcta', '1'),
('14040091', '2446108', ',', ',', 'Correcta', '1'),
('14040091', '2446102', '/*', '/*', 'Correcta', '1'),
('14040091', '2446101', 'Dennis', 'Dennis', 'Correcta', '1'),
('14040091', '2446106', 'Hola', 'Hola', 'Incorrecta', '0'),
('14040091', '2446104', 'stdio', 'stdio', 'Correcta', '1'),
('14040091', '2446109', 'Faltan', 'Faltan', 'Correcta', '1'),
('14040091', '2446103', ';', ';', 'Correcta', '1'),
('14040121', '2446102', '/*', '/*', 'Correcta', '1'),
('14040121', '2446103', ';', ';', 'Correcta', '1'),
('14040121', '2446110', 'Instrucciones', 'Tipos', 'Incorrecta', '0'),
('14040121', '2446108', '&', ',', 'Incorrecta', '0'),
('14040121', '2446104', 'stdio', 'stdio', 'Correcta', '1'),
('14040121', '2446107', '4', '4', 'Correcta', '1'),
('14040121', '2446105', 'tipo', 'tipo', 'Correcta', '1'),
('14040121', '2446101', 'Bill', 'Dennis', 'Incorrecta', '0'),
('14040121', '2446109', 'Nada', 'Faltan', 'Incorrecta', '0'),
('14040121', '2446106', 'Hola', 'Hola', 'Correcta', '1'),
('14040123', '2446110', 'Función', 'Tipos', 'Incorrecta', '0'),
('14040123', '2446103', ';', ';', 'Correcta', '1'),
('14040123', '2446104', 'stdio', 'stdio', 'Correcta', '1'),
('14040123', '2446105', 'int', 'tipo', 'Incorrecta', '0'),
('14040123', '2446102', '*/', '/*', 'Incorrecta', '0'),
('14040123', '2446106', 'Hola', 'Hola', 'Incorrecta', '0'),
('14040123', '2446108', '&', ',', 'Incorrecta', '0'),
('14040123', '2446107', '4', '4', 'Correcta', '1'),
('14040123', '2446101', 'Dennis', 'Dennis', 'Correcta', '1'),
('14040123', '2446109', 'Faltan', 'Faltan', 'Correcta', '1'),
('14040124', '2446104', 'stdio', 'stdio', 'Correcta', '1'),
('14040124', '2446101', 'Bill', 'Dennis', 'Incorrecta', '0'),
('14040124', '2446105', 'int', 'tipo', 'Incorrecta', '0'),
('14040124', '2446108', '&', ',', 'Incorrecta', '0'),
('14040124', '2446110', 'Tipos', 'Tipos', 'Correcta', '1'),
('14040124', '2446102', '/*', '/*', 'Correcta', '1'),
('14040124', '2446109', 'Nada', 'Faltan', 'Incorrecta', '0'),
('14040124', '2446107', '4', '4', 'Correcta', '1'),
('14040124', '2446103', ';', ';', 'Correcta', '1'),
('14040124', '2446106', 'Hola', 'Hola', 'Correcta', '1'),
('14040148', '2446101', 'Dennis', 'Dennis', 'Correcta', '1'),
('14040148', '2446108', ',', ',', 'Correcta', '1'),
('14040148', '2446105', 'int', 'tipo', 'Incorrecta', '0'),
('14040148', '2446107', '4', '4', 'Correcta', '1'),
('14040148', '2446106', 'Hola', 'Hola', 'Incorrecta', '0'),
('14040148', '2446109', 'Faltan', 'Faltan', 'Correcta', '1'),
('14040148', '2446104', 'stdio', 'stdio', 'Correcta', '1'),
('14040148', '2446110', 'Función', 'Tipos', 'Incorrecta', '0'),
('14040148', '2446102', '//', '/*', 'Incorrecta', '0'),
('14040148', '2446103', ';', ';', 'Correcta', '1'),
('14040169', '2446101', 'Dennis', 'Dennis', 'Correcta', '1'),
('14040169', '2446104', 'stdio', 'stdio', 'Correcta', '1'),
('14040169', '2446106', 'Hola', 'Hola', 'Incorrecta', '0'),
('14040169', '2446107', '4', '4', 'Correcta', '1'),
('14040169', '2446103', ';', ';', 'Correcta', '1'),
('14040169', '2446102', '/*', '/*', 'Correcta', '1'),
('14040169', '2446109', 'Faltan', 'Faltan', 'Correcta', '1'),
('14040169', '2446110', 'Tipos', 'Tipos', 'Correcta', '1'),
('14040169', '2446105', 'int', 'tipo', 'Incorrecta', '0'),
('14040169', '2446108', '&', ',', 'Incorrecta', '0'),
('14040214', '2446104', 'stdio', 'stdio', 'Correcta', '1'),
('14040214', '2446103', ';', ';', 'Correcta', '1'),
('14040214', '2446107', '3', '4', 'Incorrecta', '0'),
('14040214', '2446101', 'Dennis', 'Dennis', 'Correcta', '1'),
('14040214', '2446109', 'Faltan', 'Faltan', 'Correcta', '1'),
('14040214', '2446105', 'tipo', 'tipo', 'Correcta', '1'),
('14040214', '2446110', 'Tipos', 'Tipos', 'Correcta', '1'),
('14040214', '2446102', '/*', '/*', 'Correcta', '1'),
('14040214', '2446106', 'Hola', 'Hola', 'Incorrecta', '0'),
('14040214', '2446108', '&', ',', 'Incorrecta', '0'),
('14040229', '2446101', 'Dennis', 'Dennis', 'Correcta', '1'),
('14040229', '2446109', 'Faltan', 'Faltan', 'Correcta', '1'),
('14040229', '2446105', 'int', 'tipo', 'Incorrecta', '0'),
('14040229', '2446107', '4', '4', 'Correcta', '1'),
('14040229', '2446110', 'Tipos', 'Tipos', 'Correcta', '1'),
('14040229', '2446103', ';', ';', 'Correcta', '1'),
('14040229', '2446102', '/*', '/*', 'Correcta', '1'),
('14040229', '2446104', 'stdio', 'stdio', 'Correcta', '1'),
('14040229', '2446106', 'Hola', 'Hola', 'Correcta', '1'),
('14040229', '2446108', '&', ',', 'Incorrecta', '0'),
('14040235', '2446101', 'Dennis', 'Dennis', 'Correcta', '1'),
('14040235', '2446105', 'int', 'tipo', 'Incorrecta', '0'),
('14040235', '2446107', '4', '4', 'Correcta', '1'),
('14040235', '2446103', ';', ';', 'Correcta', '1'),
('14040235', '2446106', 'Hola', 'Hola', 'Correcta', '1'),
('14040235', '2446110', 'Tipos', 'Tipos', 'Correcta', '1'),
('14040235', '2446102', '//', '/*', 'Incorrecta', '0'),
('14040235', '2446108', '&', ',', 'Incorrecta', '0'),
('14040235', '2446104', 'stdio', 'stdio', 'Correcta', '1'),
('14040235', '2446109', 'Faltan', 'Faltan', 'Correcta', '1'),
('14040237', '2446110', 'Función', 'Tipos', 'Incorrecta', '0'),
('14040237', '2446106', 'Hola', 'Hola', 'Correcta', '1'),
('14040237', '2446102', '/*', '/*', 'Correcta', '1'),
('14040237', '2446105', 'int', 'tipo', 'Incorrecta', '0'),
('14040237', '2446101', 'Dennis', 'Dennis', 'Correcta', '1'),
('14040237', '2446103', ';', ';', 'Correcta', '1'),
('14040237', '2446104', 'stdio', 'stdio', 'Correcta', '1'),
('14040237', '2446108', '&', ',', 'Incorrecta', '0'),
('14040237', '2446109', 'Faltan', 'Faltan', 'Correcta', '1'),
('14040237', '2446107', '4', '4', 'Correcta', '1'),
('14040246', '2446108', '&d', ',', 'Incorrecta', '0'),
('14040246', '2446110', 'Tipos', 'Tipos', 'Correcta', '1'),
('14040246', '2446103', ',', ';', 'Incorrecta', '0'),
('14040246', '2446102', '*/', '/*', 'Incorrecta', '0'),
('14040246', '2446105', 'int', 'tipo', 'Incorrecta', '0'),
('14040246', '2446109', 'Falta', 'Faltan', 'Incorrecta', '0'),
('14040246', '2446107', '4', '4', 'Correcta', '1'),
('14040246', '2446101', 'James', 'Dennis', 'Incorrecta', '0'),
('14040246', '2446106', 'Hola', 'Hola', 'Correcta', '1'),
('14040246', '2446104', 'stdio', 'stdio', 'Correcta', '1'),
('14040287', '2446108', ',', ',', 'Correcta', '1'),
('14040287', '2446110', 'Instrucciones', 'Tipos', 'Incorrecta', '0'),
('14040287', '2446107', '4', '4', 'Correcta', '1'),
('14040287', '2446101', 'Dennis', 'Dennis', 'Correcta', '1'),
('14040287', '2446104', 'studio', 'stdio', 'Incorrecta', '0'),
('14040287', '2446102', '/*', '/*', 'Correcta', '1'),
('14040287', '2446103', ',', ';', 'Incorrecta', '0'),
('14040287', '2446105', 'int', 'tipo', 'Incorrecta', '0'),
('14040287', '2446106', 'Hola', 'Hola', 'Incorrecta', '0'),
('14040287', '2446109', 'Nada', 'Faltan', 'Incorrecta', '0'),
('14040330', '2446102', '/*', '/*', 'Correcta', '1'),
('14040330', '2446101', 'Dennis', 'Dennis', 'Correcta', '1'),
('14040330', '2446106', 'Hola', 'Hola', 'Incorrecta', '0'),
('14040330', '2446104', 'stdio', 'stdio', 'Correcta', '1'),
('14040330', '2446103', ';', ';', 'Correcta', '1'),
('14040330', '2446109', 'Declaración', 'Faltan', 'Incorrecta', '0'),
('14040330', '2446108', 'Ninguno', ',', 'Incorrecta', '0'),
('14040330', '2446110', 'Ninguna', 'Tipos', 'Incorrecta', '0'),
('14040330', '2446105', 'int', 'tipo', 'Incorrecta', '0'),
('14040330', '2446107', '4', '4', 'Correcta', '1'),
('14040364', '2446101', 'Bjarne', 'Dennis', 'Incorrecta', '0'),
('14040364', '2446105', 'int', 'tipo', 'Incorrecta', '0'),
('14040364', '2446110', 'Tipos', 'Tipos', 'Correcta', '1'),
('14040364', '2446106', 'Hola', 'Hola', 'Correcta', '1'),
('14040364', '2446109', 'Faltan', 'Faltan', 'Correcta', '1'),
('14040364', '2446102', '//', '/*', 'Incorrecta', '0'),
('14040364', '2446108', ',', ',', 'Correcta', '1'),
('14040364', '2446107', '4', '4', 'Correcta', '1'),
('14040364', '2446104', 'stdio', 'stdio', 'Correcta', '1'),
('14040364', '2446103', ';', ';', 'Correcta', '1'),
('14040374', '2446104', 'stdio', 'stdio', 'Correcta', '1'),
('14040374', '2446106', 'Hola', 'Hola', 'Correcta', '1'),
('14040374', '2446105', 'int', 'tipo', 'Incorrecta', '0'),
('14040374', '2446102', '//', '/*', 'Incorrecta', '0'),
('14040374', '2446101', 'James', 'Dennis', 'Incorrecta', '0'),
('14040374', '2446110', 'Tipos', 'Tipos', 'Correcta', '1'),
('14040374', '2446107', '3', '4', 'Incorrecta', '0'),
('14040374', '2446108', ',', ',', 'Correcta', '1'),
('14040374', '2446103', ';', ';', 'Correcta', '1'),
('14040374', '2446109', 'Faltan', 'Faltan', 'Correcta', '1'),
('14041404', '2446101', 'Bill', 'Dennis', 'Incorrecta', '0'),
('14041404', '2446102', '/*', '/*', 'Correcta', '1'),
('14041404', '2446106', 'Hola', 'Hola', 'Correcta', '1'),
('14041404', '2446105', 'int', 'tipo', 'Incorrecta', '0'),
('14041404', '2446103', ',', ';', 'Incorrecta', '0'),
('14041404', '2446110', 'Tipos', 'Tipos', 'Correcta', '1'),
('14041404', '2446104', 'stdio', 'stdio', 'Correcta', '1'),
('14041404', '2446108', '&d', ',', 'Incorrecta', '0'),
('14041404', '2446109', 'Faltan', 'Faltan', 'Correcta', '1'),
('14041404', '2446107', '4', '4', 'Correcta', '1'),
('14041409', '2446104', 'conio', 'stdio', 'Incorrecta', '0'),
('14041409', '2446105', 'int', 'tipo', 'Incorrecta', '0'),
('14041409', '2446107', '4', '4', 'Correcta', '1'),
('14041409', '2446102', '//', '/*', 'Incorrecta', '0'),
('14041409', '2446108', '&', ',', 'Incorrecta', '0'),
('14041409', '2446110', 'Tipos', 'Tipos', 'Correcta', '1'),
('14041409', '2446101', 'Dennis', 'Dennis', 'Correcta', '1'),
('14041409', '2446103', '.', ';', 'Incorrecta', '0'),
('14041409', '2446106', 'Hola', 'Hola', 'Incorrecta', '0'),
('14041409', '2446109', 'Faltan', 'Faltan', 'Correcta', '1'),
('14041416', '2446110', 'Tipos', 'Tipos', 'Correcta', '1'),
('14041416', '2446101', 'James', 'Dennis', 'Incorrecta', '0'),
('14041416', '2446104', 'stdio', 'stdio', 'Correcta', '1'),
('14041416', '2446103', ';', ';', 'Correcta', '1'),
('14041416', '2446105', 'int', 'tipo', 'Incorrecta', '0'),
('14041416', '2446108', '&', ',', 'Incorrecta', '0'),
('14041416', '2446106', 'Hola', 'Hola', 'Incorrecta', '0'),
('14041416', '2446107', '4', '4', 'Correcta', '1'),
('14041416', '2446109', 'Faltan', 'Faltan', 'Correcta', '1'),
('14041416', '2446102', '//', '/*', 'Incorrecta', '0'),
('14041418', '2446110', 'Ninguna', 'Tipos', 'Incorrecta', '0'),
('14041418', '2446103', ';', ';', 'Correcta', '1'),
('14041418', '2446104', 'conio', 'stdio', 'Incorrecta', '0'),
('14041418', '2446107', '3', '4', 'Incorrecta', '0'),
('14041418', '2446102', '//', '/*', 'Incorrecta', '0'),
('14041418', '2446106', 'Hola', 'Hola', 'Correcta', '1'),
('14041418', '2446108', '&', ',', 'Incorrecta', '0'),
('14041418', '2446109', 'Faltan', 'Faltan', 'Correcta', '1'),
('14041418', '2446101', 'Dennis', 'Dennis', 'Correcta', '1'),
('14041418', '2446105', 'tipo', 'tipo', 'Correcta', '1'),
('14041431', '2446109', 'Nada', 'Faltan', 'Incorrecta', '0'),
('14041431', '2446102', '//', '/*', 'Incorrecta', '0'),
('14041431', '2446104', 'stdio', 'stdio', 'Correcta', '1'),
('14041431', '2446105', 'int', 'tipo', 'Incorrecta', '0'),
('14041431', '2446103', ';', ';', 'Correcta', '1'),
('14041431', '2446108', '&', ',', 'Incorrecta', '0'),
('14041431', '2446106', 'Hola', 'Hola', 'Correcta', '1'),
('14041431', '2446107', '4', '4', 'Correcta', '1'),
('14041431', '2446110', 'Tipos', 'Tipos', 'Correcta', '1'),
('14041431', '2446101', 'James', 'Dennis', 'Incorrecta', '0'),
('14042450', '2446103', ';', ';', 'Correcta', '1'),
('14042450', '2446110', 'Tipos', 'Tipos', 'Correcta', '1'),
('14042450', '2446105', 'tipo', 'tipo', 'Correcta', '1'),
('14042450', '2446104', 'stdio', 'stdio', 'Correcta', '1'),
('14042450', '2446109', 'Faltan', 'Faltan', 'Correcta', '1'),
('14042450', '2446101', 'Bill', 'Dennis', 'Incorrecta', '0'),
('14042450', '2446107', '4', '4', 'Correcta', '1'),
('14042450', '2446102', '//', '/*', 'Incorrecta', '0'),
('14042450', '2446106', 'Hola', 'Hola', 'Correcta', '1'),
('14042450', '2446108', '&', ',', 'Incorrecta', '0'),
('14042460', '2446102', '//', '/*', 'Incorrecta', '0'),
('14042460', '2446103', ',', ';', 'Incorrecta', '0'),
('14042460', '2446106', 'Hola', 'Hola', 'Correcta', '1'),
('14042460', '2446101', 'Dennis', 'Dennis', 'Correcta', '1'),
('14042460', '2446104', 'studio', 'stdio', 'Incorrecta', '0'),
('14042460', '2446110', 'Tipos', 'Tipos', 'Correcta', '1'),
('14042460', '2446108', ',', ',', 'Correcta', '1'),
('14042460', '2446109', 'Falta', 'Faltan', 'Incorrecta', '0'),
('14042460', '2446105', 'int', 'tipo', 'Incorrecta', '0'),
('14042460', '2446107', '4', '4', 'Correcta', '1');

-- --------------------------------------------------------

--
-- Table structure for table `direccion`
--

CREATE TABLE `direccion` (
  `Folio` varchar(20) COLLATE utf8_spanish_ci NOT NULL,
  `Calle` varchar(30) COLLATE utf8_spanish_ci NOT NULL,
  `Numero` varchar(6) COLLATE utf8_spanish_ci NOT NULL,
  `Colonia` varchar(30) COLLATE utf8_spanish_ci NOT NULL,
  `Delegacion/muncipio` varchar(30) COLLATE utf8_spanish_ci NOT NULL,
  `Estado` varchar(30) COLLATE utf8_spanish_ci NOT NULL
) ENGINE=InnoDB DEFAULT CHARSET=utf8 COLLATE=utf8_spanish_ci;

--
-- Dumping data for table `direccion`
--

INSERT INTO `direccion` (`Folio`, `Calle`, `Numero`, `Colonia`, `Delegacion/muncipio`, `Estado`) VALUES
('0040', 'Amapola', '415', 'Gustavo Díaz Ordaz', 'Ecatepec', 'Estado de México'),
('260800', 'Natal', '627', 'Lindavista', 'GAM', 'CDMX');

-- --------------------------------------------------------

--
-- Table structure for table `examenes`
--

CREATE TABLE `examenes` (
  `Folio` varchar(15) COLLATE utf8_spanish_ci NOT NULL,
  `Id_materia` varchar(20) COLLATE utf8_spanish_ci NOT NULL,
  `Id_pregunta` int(5) NOT NULL
) ENGINE=InnoDB DEFAULT CHARSET=utf8 COLLATE=utf8_spanish_ci;

-- --------------------------------------------------------

--
-- Table structure for table `materias`
--

CREATE TABLE `materias` (
  `Id_pregunta` int(5) NOT NULL,
  `Id_materia` varchar(20) COLLATE utf8_spanish_ci NOT NULL,
  `Materia` varchar(30) COLLATE utf8_spanish_ci NOT NULL,
  `imagen` text COLLATE utf8_spanish_ci NOT NULL,
  `Pregunta` text COLLATE utf8_spanish_ci NOT NULL,
  `Respuesta_correcta` text COLLATE utf8_spanish_ci NOT NULL,
  `Respuesta_inc_1` text COLLATE utf8_spanish_ci NOT NULL,
  `Respuesta_inc_2` text COLLATE utf8_spanish_ci NOT NULL,
  `Respuesta_inc_3` text COLLATE utf8_spanish_ci NOT NULL
) ENGINE=InnoDB DEFAULT CHARSET=utf8 COLLATE=utf8_spanish_ci;

--
-- Dumping data for table `materias`
--

INSERT INTO `materias` (`Id_pregunta`, `Id_materia`, `Materia`, `imagen`, `Pregunta`, `Respuesta_correcta`, `Respuesta_inc_1`, `Respuesta_inc_2`, `Respuesta_inc_3`) VALUES
(1, '', '', 'images/topologia.jpg', 'Consulte la ilustración. ¿Qué comando se usaría en una ACL estándar a fin de permitir solamente dispositivos en la red conectada a la interfaz G0/0 del R2 para acceder a las redes conectadas al R1?', 'access-list 1 permit 192.168.10.96 0.0.0.31', 'access-list 1 permit 192.168.10.128 0.0.0.63', 'access-list 1 permit 192.168.10.0 0.0.0.255', 'access-list 1 permit 192.168.10.0 0.0.0.63'),
(2168101, '', 'Seccion_1', 'images/', '¿En qué configuración sería preferible colocar una ACL saliente en lugar de una ACL entrante?', 'Cuando la ACL se aplica a una interfaz saliente para filtrar los paquetes que provienen de varias interfaces de entrada antes de que estos salgan de la interfaz.', 'Cuando un router tiene más de una ACL.', 'Cuando una ACL saliente está más cerca del origen del flujo de tráfico.', 'Cuando una interfaz se filtra por una ACL saliente y la red conectada a la interfaz es la red de origen que se filtra dentro de la ACL.'),
(2168102, '', 'Seccion_1', 'images/', '¿Qué dirección se requiere en la sintaxis del comando de una ACL estándar?', 'Dirección IP de origen ', 'Dirección MAC de origen', 'Dirección MAC de destino', 'Dirección IP de destino'),
(2168103, '', 'Seccion_1', 'images/', '¿Cuál de estas afirmaciones describe una diferencia entre la operación de las ACL de entrada y de salida?', 'Las ACL de entrada se procesan antes de que se enruten los paquetes, mientras que las ACL de salida se procesan una vez que se completó el routing.', 'A diferencia de las ALC de salida, las ACL de entrada se pueden usar para filtrar paquetes con varios criterios.', 'Las ACL de entrada se pueden usar en routers y switches, pero las ACL de salida solo se pueden usar en routers.', 'En una interfaz de red, se puede configurar más de una ACL de entrada, pero solo se puede configurar una ACL de salida.'),
(2168104, '', 'Seccion_1', 'images/', 'Si un router tiene dos interfaces y enruta tráfico IPv4 e IPv6, ¿cuántas ACL se pueden crear y aplicar a este?', '8', '6', '4', '32'),
(2168105, '', 'Seccion_1', 'images/topologia2.jpg', 'Consulte la ilustración. Si el administrador de redes crea una ACL estándar que solo permita que se conecte a la red G0/0 del R2  a los dispositivos en la interfaz G0/1 del R1, ¿cómo se debe aplicar la ACL?', 'Saliente en la interfaz R1 G0/1', 'Entrante en la interfaz R2 G0/0', 'Saliente en la interfaz R2 S0/0/1', 'Entrante en la interfaz R1 G0/1'),
(2168106, '', 'Seccion_1', 'images/', '¿En qué router se debería ejecutar el comando show access-lists?', 'En el router que tiene la ACL configurada.', 'En el router que dirige el paquete al que se hace referencia en la ACL a la red de destino final.', 'En el router que dirige el paquete al que se hace referencia en la ACL desde la red de origen.', 'En cualquier router a través del cual el paquete al cual se hace referencia en la ACL viaja.'),
(2168107, '', 'Seccion_1', 'images/', '¿Cuál es la manera más rápida de eliminar una única ACE de una ACL con nombre?', 'Utilizar la palabra clave no y el número de secuencia de la ACE que se eliminará.', 'Utilizar el comando no access-list para eliminar toda la ACL y volver a crearla posteriormente sin la ACE.', 'Copiar la ACL en un editor de texto, eliminar la ACE y luego volver a copiar la ACL en el router.', 'Crear una nueva ACL con un número diferente y aplicar la nueva ACL a la interfaz de router.'),
(2168108, '', 'Seccion_1', 'images/', '¿Qué función requerirá el uso de una ACL estándar con nombre en lugar de una ACL estándar con número?', 'La capacidad de agregar ACE adicionales en el medio de la ACL sin eliminar y volver a crear la lista.', 'La capacidad de especificar direcciones de destino y de origen para utilizar una vez que se identifique el tráfico.', 'La capacidad de filtrar tráfico sobre la base de un destino y un conjunto completo de protocolos.', 'La capacidad de filtrar tráfico sobre la base de un protocolo específico.'),
(2168109, '', 'Seccion_1', 'images/', 'Un administrador configuró una lista de acceso en el R1 para permitir el acceso administrativo SSH desde el host 172.16.1.100. ¿Qué comando aplica correctamente la ACL?', 'R1(config-­line)# access­-class 1 in', 'R1(config-­if)# ip access-­group 1 out', 'R1(config­-if)# ip access-­group 1 in', 'R1(config-­line)# access-­class 1 out'),
(2168110, '', 'Seccion_1', 'images/', '¿Qué tipo de conexión de router se puede proteger con el comando access-class?', 'vty', 'de consola', 'serie', 'ethernet'),
(2168111, '', 'Seccion_1', 'images/', '¿Qué mensaje DHCPv4 envía un cliente para aceptar las direcciones IPv4 que ofrece un servidor de DHCP?', 'Transmisión del DHCPREQUEST', 'DHCPREQUEST de unidifusión', 'Transmisión del DHCPACK', 'DHCPACK de unidifusión'),
(2168112, '', 'Seccion_1', 'images/', 'Una compañía usa servidores de DHCP para asignar direcciones IPv4 dinámicamente a las estaciones de trabajo de los empleados. La duración del arrendamiento de direcciones se establece en 5 días. Un empleado vuelve a la oficina después de una ausencia de una semana. Cuando el empleado arranca la estación de trabajo, esta envía un mensaje para obtener una dirección IP. ¿Qué direcciones de destino de capa 2 y capa 3 contendrá el mensaje?', 'FF-FF-FF-FF-FF-FF y 255.255.255.255', 'Las direcciones MAC e IPv4 del servidor de DHCP', 'La dirección MAC del servidor de DHCP y la dirección 255.255.255.255', 'Las direcciones FF-FF-FF-FF-FF-FF e IPv4 del servidor de DHCP'),
(2168113, '', 'Seccion_1', 'images/', '¿Cuál de los siguientes es un método de asignación de direcciones DHCPv4 que asigna las direcciones IPv4 por un período de arrendamiento limitado?', 'Asignación dinámica', 'Preasignación', 'Asignación automática', 'Asignación manual'),
(2168114, '', 'Seccion_1', 'images/', '¿A qué dirección apunta un servidor DHCPv4 cuando se envía un mensaje DHCPOFFER a un cliente que solicita una dirección?', 'Dirección de hardware del cliente', 'Dirección IP de gateway', 'Dirección MAC de broadcast', 'Dirección IP del cliente'),
(2168115, '', 'Seccion_1', 'images/', 'Cuando el arrendamiento de un cliente DHCPv4 está por caducar, ¿cuál es el mensaje que el cliente envía al servidor DHCP?', 'DHCPREQUEST', 'DHCPDISCOVER', 'DHCPOFFER', 'DHCPACK'),
(2168116, '', 'Seccion_1', 'images/', '¿Cuál es la ventaja de configurar un router Cisco como agente de retransmisión?', 'Puede proporcionar servicios de retransmisión a varios servicios UDP.', 'Permite que los mensajes DHCPDISCOVER pasen sin modificaciones.', 'Puede reenviar mensajes de difusión y multidifusión en nombre de los clientes.', 'Reduce el tiempo de respuesta de un servidor DHCP.'),
(2168117, '', 'Seccion_1', 'images/', 'Una compañía utiliza el método SLAAC para configurar direcciones IPv6 para las estaciones de trabajo de los empleados. ¿Qué dirección usa un cliente como gateway predeterminado?', 'La dirección link-local de la interfaz del router que está conectada a la red', 'La dirección de multidifusión de todos los routers', 'La dirección local única de la interfaz del router que está conectada a la red', 'La dirección de unidifusión global de la interfaz del router que está conectada a la red'),
(2168118, '', 'Seccion_1', 'images/', 'Un administrador de red configura un router para enviar mensajes RA con el indicador M como 0 y el indicador O como 1. ¿Cuál de estas afirmaciones describe el efecto de esta configuración cuando un computadora intenta configurar su dirección IPv6?', 'Debe usar la información que se incluye en el mensaje RA y comunicarse con un servidor de DHCPv6 para obtener información adicional.', 'Debe usar la información que se incluye en el mensaje RA exclusivamente.', 'Debe comunicarse con un servidor de DHCPv6 para obtener el prefijo, la información de longitud de prefijo, y una ID de interfaz que sea aleatoria y única.', 'Debe comunicarse con un servidor de DHCPv6 para obtener toda la información que necesita.'),
(2446101, '', 'Seccion_2', 'images/', ' ¿Quien es el creador del lenguaje C?', 'Dennis M. Ritchie', 'James Gosling', 'Bill Gates ', 'Bjarne Stroustrup'),
(2446102, '', 'Seccion_2', 'images/', '¿Cúal es el caracter utilizado para hacer comentario de multiples lineas?', '/* y */ ', '//', '*/ y */ ', '* y * '),
(2446103, '', 'Seccion_2', 'images/', '¿Cúal es el caracter utilizado para separar instrucciones?', ';', '.', ',', ':'),
(2446104, '', 'Seccion_2', 'images/', '¿Cúal es la libreria basica a importar, para cualquier programa hecho en C?', 'stdio', 'conio ', 'math.h ', 'studio '),
(2446105, '', 'Seccion_2', 'images/', 'Para declarar una variable en C, se debe seguir el siguiente formato:', 'tipo lista_variables;', 'int a =0; ', 'int a =0; ', '0=a '),
(2446106, '', 'Seccion_2', 'images/ss.png', 'Del siguiente programa cual es el resultado:', 'Hola 5 veces ', 'Hola 0 ', 'Hola 100 veces ', 'Hola 1'),
(2446107, '', 'Seccion_2', 'images/ss2.png', 'Cuantas veces se repetiria el mensaje:', '4', '8', '3', '2'),
(2446108, '', 'Seccion_2', 'images/ss3.png', 'Busca el error en el siguiente programa:', ',', '&', '&d', 'Ninguno'),
(2446109, '', 'Seccion_2', 'images/ss4.png', 'Busca el error en el siguiente programa:', 'Faltan las librerías', 'Declaración de variables', 'Falta ;', 'Nada'),
(2446110, '', 'Seccion_2', 'images/', 'int, char, float, string y boolean son:', 'Tipos de datos ', 'Función de acceso a datos ', 'Instrucciones de acceso a datos ', 'Ninguna es correcta'),
(2446111, '', 'Seccion_2', 'images/', '¿Cuál de estas variables esta bien definidas?', 'int numero_de_hijos ', 'int #_de_hijos ', 'int numero-de-hijos ', 'Ninguna es correcta '),
(2446112, '', 'Seccion_2', 'images/', ' Si se desea declarar una variable para almacenar un número entero y que, inicialmente, contenga el valor 35, se debe escribir:', 'int numero=35; ', 'int numero 35; ', 'numero = 35 ', 'Ninguna es correcta '),
(2446113, '', 'Seccion_2', 'images/', ' Por lo general utiliza 1 byte de memoria, valores: true o false.', 'bool', 'Chat ', 'Int', 'Ninguna es correcta');

-- --------------------------------------------------------

--
-- Table structure for table `matg`
--

CREATE TABLE `matg` (
  `grado` varchar(11) COLLATE utf8_spanish_ci NOT NULL,
  `materia` varchar(20) COLLATE utf8_spanish_ci NOT NULL,
  `id` varchar(11) COLLATE utf8_spanish_ci NOT NULL
) ENGINE=InnoDB DEFAULT CHARSET=utf8 COLLATE=utf8_spanish_ci;

--
-- Dumping data for table `matg`
--

INSERT INTO `matg` (`grado`, `materia`, `id`) VALUES
('0', 'Mate I', '01'),
('0', 'Español I', '02'),
('0', 'Biologia', '03'),
('0', 'Geografia', '04'),
('0', 'Ingles', '05'),
('0', 'Tecnologia', '06'),
('0', 'Asignatura Est', '07'),
('1', 'Mate II', '11'),
('1', 'Español II', '12'),
('1', 'Ciencias', '13'),
('1', 'Historia', '14'),
('1', 'Force', '15'),
('1', 'Tecnologia', '16'),
('1', 'Ingles', '17'),
('2', 'Mate III', '21'),
('2', 'Español III', '22'),
('2', 'Ciencias', '23'),
('2', 'Historia', '24'),
('2', 'Force', '25'),
('2', 'Tecnologia', '26'),
('2', 'Ingles', '27'),
('3', 'Mate I', '31'),
('3', 'Taller de lect', '32'),
('3', 'Quimica', '33'),
('3', 'Ingles', '34'),
('3', 'Intro. a la comp.', '35'),
('3', 'Princ. Program.', '36'),
('3', 'Sist. Operativos', '37'),
('4', 'Mate II', '41'),
('4', 'Taller de lect', '42'),
('4', 'Quimica', '43'),
('4', 'Ingles', '44'),
('4', 'Biologia', '45'),
('4', 'Programacion', '46'),
('4', 'Op. Paquetes', '47'),
('5', 'Mate III', '51'),
('5', 'Fisica', '52'),
('5', 'Met. Inv', '53'),
('5', 'Programacion', '54'),
('5', 'Quimica', '55'),
('5', 'Paquetes', '56'),
('5', 'Base de Datos', '57'),
('5', 'Seg. Industrial', '58'),
('5', 'Ingles', '59'),
('6', 'Mate IV', '61'),
('6', 'Fisica', '62'),
('6', 'Met. Inv', '63'),
('6', 'Intro. C.Soc', '64'),
('6', 'Des. Motiv.', '65'),
('6', 'OP. Paquetes', '66'),
('6', 'Base de Datos', '67'),
('6', 'Redes', '68'),
('6', 'Ingles', '69'),
('7', 'Mate V', '71'),
('7', 'Fisica', '72'),
('7', 'Filosofia', '73'),
('7', 'Des. Organ.', '74'),
('7', 'Administracion', '75'),
('7', 'An. y Dis. de Sist', '76'),
('7', 'Programacion', '77'),
('7', 'Historia', '78'),
('7', 'Ingles', '79'),
('8', 'Est. Soc. Mex', '81'),
('8', 'Centros de Comp.', '82'),
('8', 'Seminario Des. Sist', '83'),
('8', 'Act. Tecnologica', '84'),
('8', 'Matematicas VI', '85'),
('8', 'Ingles', '86');

-- --------------------------------------------------------

--
-- Table structure for table `respuestas_alumno`
--

CREATE TABLE `respuestas_alumno` (
  `folio_alumno` varchar(15) COLLATE utf8_spanish_ci NOT NULL,
  `folio_pregunta` varchar(10) COLLATE utf8_spanish_ci NOT NULL,
  `respuesta_letras` varchar(1) COLLATE utf8_spanish_ci NOT NULL,
  `Respuesta_dada` text COLLATE utf8_spanish_ci NOT NULL
) ENGINE=InnoDB DEFAULT CHARSET=utf8 COLLATE=utf8_spanish_ci;

--
-- Dumping data for table `respuestas_alumno`
--

INSERT INTO `respuestas_alumno` (`folio_alumno`, `folio_pregunta`, `respuesta_letras`, `Respuesta_dada`) VALUES
('13040252', '2168101', 'a', 'Cuando la ACL se aplica a una interfaz saliente para filtrar los paquetes que provienen de varias interfaces de entrada antes de que estos salgan de la interfaz.'),
('13040252', '2168106', 'a', 'En el router que tiene la ACL configurada.'),
('13040252', '2168107', 'd', 'Crear una nueva ACL con un número diferente y aplicar la nueva ACL a la interfaz de router.'),
('13040252', '2168108', 'c', 'La capacidad de agregar ACE adicionales en el medio de la ACL sin eliminar y volver a crear la lista.'),
('13040252', '2168109', 'c', 'R1(config-­line)# access­-class 1 in'),
('13040252', '2168104', 'a', '8'),
('13040252', '2168103', 'a', 'Las ACL de entrada se procesan antes de que se enruten los paquetes, mientras que las ACL de salida se procesan una vez que se completó el routing.'),
('13040252', '2168110', 'b', 'vty'),
('13040252', '2168102', 'a', 'Dirección IP de origen '),
('13040252', '2168105', 'b', 'Saliente en la interfaz R1 G0/1'),
('13040382', '2168109', 'a', 'R1(config-­line)# access­-class 1 in'),
('13040382', '2168105', 'b', 'Saliente en la interfaz R2 S0/0/1'),
('13040382', '2168104', 'b', '8'),
('13040382', '2168110', 'a', 'vty'),
('13040382', '2168103', 'd', 'A diferencia de las ALC de salida, las ACL de entrada se pueden usar para filtrar paquetes con varios criterios.'),
('13040382', '2168106', 'c', 'En el router que tiene la ACL configurada.'),
('13040382', '2168108', 'd', 'La capacidad de filtrar tráfico sobre la base de un protocolo específico.'),
('13040382', '2168107', 'b', 'Utilizar el comando no access-list para eliminar toda la ACL y volver a crearla posteriormente sin la ACE.'),
('13040382', '2168102', 'a', 'Dirección IP de origen '),
('13040382', '2168101', 'b', 'Cuando una ACL saliente está más cerca del origen del flujo de tráfico.'),
('13040248', '2168101', 'a', 'Cuando una ACL saliente está más cerca del origen del flujo de tráfico.'),
('13040248', '2168107', 'c', 'Copiar la ACL en un editor de texto, eliminar la ACE y luego volver a copiar la ACL en el router.'),
('13040248', '2168105', 'd', 'Entrante en la interfaz R2 G0/0'),
('13040248', '2168108', 'a', 'La capacidad de agregar ACE adicionales en el medio de la ACL sin eliminar y volver a crear la lista.'),
('13040248', '2168106', 'b', 'En el router que tiene la ACL configurada.'),
('13040248', '2168102', 'd', 'Dirección MAC de origen'),
('13040248', '2168109', 'b', 'R1(config­-if)# ip access-­group 1 in'),
('13040248', '2168110', 'd', 'ethernet'),
('13040248', '2168104', 'b', '8'),
('13040248', '2168103', 'd', 'En una interfaz de red, se puede configurar más de una ACL de entrada, pero solo se puede configurar una ACL de salida.'),
('13040023', '2168108', 'b', 'La capacidad de agregar ACE adicionales en el medio de la ACL sin eliminar y volver a crear la lista.'),
('13040023', '2168104', 'a', '8'),
('13040023', '2168107', 'a', 'Utilizar la palabra clave no y el número de secuencia de la ACE que se eliminará.'),
('13040023', '2168106', 'c', 'En el router que tiene la ACL configurada.'),
('13040023', '2168110', 'd', 'de consola'),
('13040023', '2168109', 'b', 'R1(config-­line)# access­-class 1 in'),
('13040023', '2168102', 'c', 'Dirección IP de origen '),
('13040023', '2168101', 'b', 'Cuando una ACL saliente está más cerca del origen del flujo de tráfico.'),
('13040023', '2168105', 'c', 'Saliente en la interfaz R2 S0/0/1'),
('13040023', '2168103', 'a', 'Las ACL de entrada se procesan antes de que se enruten los paquetes, mientras que las ACL de salida se procesan una vez que se completó el routing.'),
('13040159', '2168108', 'd', 'La capacidad de agregar ACE adicionales en el medio de la ACL sin eliminar y volver a crear la lista.'),
('13040159', '2168104', 'b', '8'),
('13040159', '2168107', 'a', 'Utilizar la palabra clave no y el número de secuencia de la ACE que se eliminará.'),
('13040159', '2168103', 'c', 'Las ACL de entrada se pueden usar en routers y switches, pero las ACL de salida solo se pueden usar en routers.'),
('13040159', '2168106', 'b', 'En el router que tiene la ACL configurada.'),
('13040159', '2168105', 'a', 'Saliente en la interfaz R1 G0/1'),
('13040159', '2168102', 'c', 'Dirección MAC de destino'),
('13040159', '2168109', 'b', 'R1(config-­line)# access­-class 1 in'),
('13040159', '2168110', 'a', 'de consola'),
('13040159', '2168101', 'a', 'Cuando una interfaz se filtra por una ACL saliente y la red conectada a la interfaz es la red de origen que se filtra dentro de la ACL.'),
('13048040', '2168102', 'c', 'Dirección IP de destino'),
('13048040', '2168103', 'c', 'A diferencia de las ALC de salida, las ACL de entrada se pueden usar para filtrar paquetes con varios criterios.'),
('13048040', '2168105', 'c', 'Entrante en la interfaz R2 G0/0'),
('13048040', '2168106', 'a', 'En el router que tiene la ACL configurada.'),
('13048040', '2168104', 'd', '4'),
('13048040', '2168101', 'a', 'Cuando una ACL saliente está más cerca del origen del flujo de tráfico.'),
('13048040', '2168109', 'b', 'R1(config­-if)# ip access-­group 1 in'),
('13048040', '2168108', 'b', 'La capacidad de filtrar tráfico sobre la base de un destino y un conjunto completo de protocolos.'),
('13048040', '2168107', 'a', 'Utilizar la palabra clave no y el número de secuencia de la ACE que se eliminará.'),
('13048040', '2168110', 'b', 'vty'),
('13040471', '2168101', 'd', 'Cuando una interfaz se filtra por una ACL saliente y la red conectada a la interfaz es la red de origen que se filtra dentro de la ACL.'),
('13040471', '2168103', 'a', 'Las ACL de entrada se procesan antes de que se enruten los paquetes, mientras que las ACL de salida se procesan una vez que se completó el routing.'),
('13040471', '2168104', 'a', '8'),
('13040471', '2168107', 'c', 'Utilizar la palabra clave no y el número de secuencia de la ACE que se eliminará.'),
('13040471', '2168108', 'b', 'La capacidad de filtrar tráfico sobre la base de un destino y un conjunto completo de protocolos.'),
('13040471', '2168102', 'b', 'Dirección IP de origen '),
('13040471', '2168110', 'a', 'vty'),
('13040471', '2168106', 'a', 'En el router que tiene la ACL configurada.'),
('13040471', '2168109', 'd', 'R1(config-­line)# access­-class 1 in'),
('13040471', '2168105', 'd', 'Saliente en la interfaz R2 S0/0/1'),
('13040643', '2168108', 'b', 'La capacidad de agregar ACE adicionales en el medio de la ACL sin eliminar y volver a crear la lista.'),
('13040643', '2168103', 'c', 'A diferencia de las ALC de salida, las ACL de entrada se pueden usar para filtrar paquetes con varios criterios.'),
('13040643', '2168106', 'a', 'En el router que tiene la ACL configurada.'),
('13040643', '2168110', 'b', 'vty'),
('13040643', '2168102', 'c', 'Dirección IP de origen '),
('13040643', '2168107', 'a', 'Utilizar la palabra clave no y el número de secuencia de la ACE que se eliminará.'),
('13040643', '2168105', 'c', 'Entrante en la interfaz R1 G0/1'),
('13040643', '2168109', 'c', 'R1(config­-if)# ip access-­group 1 in'),
('13040643', '2168104', 'd', '6'),
('13040643', '2168101', 'a', 'Cuando la ACL se aplica a una interfaz saliente para filtrar los paquetes que provienen de varias interfaces de entrada antes de que estos salgan de la interfaz.'),
('13040652', '2168110', 'c', 'vty'),
('13040652', '2168102', 'b', 'Dirección IP de origen '),
('13040652', '2168105', 'c', 'Saliente en la interfaz R2 S0/0/1'),
('13040652', '2168103', 'b', 'Las ACL de entrada se procesan antes de que se enruten los paquetes, mientras que las ACL de salida se procesan una vez que se completó el routing.'),
('13040652', '2168109', 'a', 'R1(config-­line)# access­-class 1 in'),
('13040652', '2168107', 'b', 'Utilizar la palabra clave no y el número de secuencia de la ACE que se eliminará.'),
('13040652', '2168106', 'd', 'En el router que dirige el paquete al que se hace referencia en la ACL desde la red de origen.'),
('13040652', '2168108', 'd', 'La capacidad de filtrar tráfico sobre la base de un protocolo específico.'),
('13040652', '2168101', 'd', 'Cuando una ACL saliente está más cerca del origen del flujo de tráfico.'),
('13040652', '2168104', 'b', '8'),
('13040383', '2168109', 'd', 'R1(config-­line)# access-­class 1 out'),
('13040383', '2168110', 'a', 'vty'),
('13040383', '2168108', 'd', 'La capacidad de filtrar tráfico sobre la base de un protocolo específico.'),
('13040383', '2168101', 'a', 'Cuando la ACL se aplica a una interfaz saliente para filtrar los paquetes que provienen de varias interfaces de entrada antes de que estos salgan de la interfaz.'),
('13040383', '2168103', 'a', 'Las ACL de entrada se procesan antes de que se enruten los paquetes, mientras que las ACL de salida se procesan una vez que se completó el routing.'),
('13040383', '2168106', 'b', 'En el router que tiene la ACL configurada.'),
('13040383', '2168102', 'a', 'Dirección IP de origen '),
('13040383', '2168107', 'd', 'Utilizar el comando no access-list para eliminar toda la ACL y volver a crearla posteriormente sin la ACE.'),
('13040383', '2168105', 'b', 'Saliente en la interfaz R2 S0/0/1'),
('13040383', '2168104', 'a', '8'),
('13040585', '2168103', 'a', 'A diferencia de las ALC de salida, las ACL de entrada se pueden usar para filtrar paquetes con varios criterios.'),
('13040585', '2168106', 'd', 'En el router que dirige el paquete al que se hace referencia en la ACL desde la red de origen.'),
('13040585', '2168110', 'c', 'vty'),
('13040585', '2168108', 'd', 'La capacidad de filtrar tráfico sobre la base de un destino y un conjunto completo de protocolos.'),
('13040585', '2168104', 'a', '8'),
('13040585', '2168105', 'd', 'Entrante en la interfaz R1 G0/1'),
('13040585', '2168109', 'b', 'R1(config­-if)# ip access-­group 1 in'),
('13040585', '2168102', 'b', 'Dirección IP de origen '),
('13040585', '2168101', 'a', 'Cuando la ACL se aplica a una interfaz saliente para filtrar los paquetes que provienen de varias interfaces de entrada antes de que estos salgan de la interfaz.'),
('13040585', '2168107', 'c', 'Copiar la ACL en un editor de texto, eliminar la ACE y luego volver a copiar la ACL en el router.'),
('13040585', '2168103', 'a', 'A diferencia de las ALC de salida, las ACL de entrada se pueden usar para filtrar paquetes con varios criterios.'),
('13040585', '2168106', 'd', 'En el router que dirige el paquete al que se hace referencia en la ACL desde la red de origen.'),
('13040585', '2168110', 'c', 'vty'),
('13040585', '2168108', 'd', 'La capacidad de filtrar tráfico sobre la base de un destino y un conjunto completo de protocolos.'),
('13040585', '2168104', 'a', '8'),
('13040585', '2168105', 'd', 'Entrante en la interfaz R1 G0/1'),
('13040585', '2168109', 'b', 'R1(config­-if)# ip access-­group 1 in'),
('13040585', '2168102', 'b', 'Dirección IP de origen '),
('13040585', '2168101', 'a', 'Cuando la ACL se aplica a una interfaz saliente para filtrar los paquetes que provienen de varias interfaces de entrada antes de que estos salgan de la interfaz.'),
('13040585', '2168107', 'c', 'Copiar la ACL en un editor de texto, eliminar la ACE y luego volver a copiar la ACL en el router.'),
('13049000', '2168105', 'b', 'Saliente en la interfaz R1 G0/1'),
('13049000', '2168101', 'a', 'Cuando la ACL se aplica a una interfaz saliente para filtrar los paquetes que provienen de varias interfaces de entrada antes de que estos salgan de la interfaz.'),
('13049000', '2168110', 'd', 'de consola'),
('13049000', '2168107', 'b', 'Utilizar la palabra clave no y el número de secuencia de la ACE que se eliminará.'),
('13049000', '2168102', 'c', 'Dirección IP de origen '),
('13049000', '2168106', 'c', 'En el router que tiene la ACL configurada.'),
('13049000', '2168108', 'a', 'La capacidad de agregar ACE adicionales en el medio de la ACL sin eliminar y volver a crear la lista.'),
('13049000', '2168103', 'c', 'Las ACL de entrada se procesan antes de que se enruten los paquetes, mientras que las ACL de salida se procesan una vez que se completó el routing.'),
('13049000', '2168109', 'c', 'R1(config-­line)# access­-class 1 in'),
('13049000', '2168104', 'c', '8'),
('13040639', '2168109', 'b', 'R1(config­-if)# ip access-­group 1 in'),
('13040639', '2168105', 'c', 'Saliente en la interfaz R1 G0/1'),
('13040639', '2168102', 'c', 'Dirección MAC de origen'),
('13040639', '2168104', 'd', '4'),
('13040639', '2168107', 'd', 'Utilizar el comando no access-list para eliminar toda la ACL y volver a crearla posteriormente sin la ACE.'),
('13040639', '2168108', 'b', 'La capacidad de agregar ACE adicionales en el medio de la ACL sin eliminar y volver a crear la lista.'),
('13040639', '2168103', 'd', 'Las ACL de entrada se pueden usar en routers y switches, pero las ACL de salida solo se pueden usar en routers.'),
('13040639', '2168101', 'b', 'Cuando una ACL saliente está más cerca del origen del flujo de tráfico.'),
('13040639', '2168110', 'd', 'de consola'),
('13040639', '2168106', 'a', 'En el router que tiene la ACL configurada.'),
('13040146', '2168101', 'd', 'Cuando una ACL saliente está más cerca del origen del flujo de tráfico.'),
('13040146', '2168104', 'c', '4'),
('13040146', '2168105', 'c', 'Entrante en la interfaz R2 G0/0'),
('13040146', '2168109', 'c', 'R1(config­-if)# ip access-­group 1 in'),
('13040146', '2168102', 'd', 'Dirección MAC de origen'),
('13040146', '2168110', 'c', 'vty'),
('13040146', '2168107', 'b', 'Utilizar la palabra clave no y el número de secuencia de la ACE que se eliminará.'),
('13040146', '2168103', 'b', 'A diferencia de las ALC de salida, las ACL de entrada se pueden usar para filtrar paquetes con varios criterios.'),
('13040146', '2168108', 'b', 'La capacidad de filtrar tráfico sobre la base de un destino y un conjunto completo de protocolos.'),
('13040146', '2168106', 'a', 'En el router que tiene la ACL configurada.'),
('13040433', '2168102', 'b', 'Dirección IP de origen '),
('13040433', '2168104', 'a', '8'),
('13040433', '2168107', 'a', 'Utilizar la palabra clave no y el número de secuencia de la ACE que se eliminará.'),
('13040433', '2168108', 'a', 'La capacidad de agregar ACE adicionales en el medio de la ACL sin eliminar y volver a crear la lista.'),
('13040433', '2168110', 'b', 'vty'),
('13040433', '2168106', 'c', 'En el router que tiene la ACL configurada.'),
('13040433', '2168103', 'a', 'Las ACL de entrada se procesan antes de que se enruten los paquetes, mientras que las ACL de salida se procesan una vez que se completó el routing.'),
('13040433', '2168101', 'b', 'Cuando la ACL se aplica a una interfaz saliente para filtrar los paquetes que provienen de varias interfaces de entrada antes de que estos salgan de la interfaz.'),
('13040433', '2168105', 'a', 'Saliente en la interfaz R1 G0/1'),
('13040433', '2168109', 'c', 'R1(config-­line)# access­-class 1 in'),
('13040012', '2168109', 'c', 'R1(config­-if)# ip access-­group 1 in'),
('13040012', '2168104', 'c', '8'),
('13040012', '2168107', 'd', 'Copiar la ACL en un editor de texto, eliminar la ACE y luego volver a copiar la ACL en el router.'),
('13040012', '2168108', 'b', 'La capacidad de especificar direcciones de destino y de origen para utilizar una vez que se identifique el tráfico.'),
('13040012', '2168110', 'c', 'vty'),
('13040012', '2168103', 'b', 'A diferencia de las ALC de salida, las ACL de entrada se pueden usar para filtrar paquetes con varios criterios.'),
('13040012', '2168102', 'c', 'Dirección MAC de origen'),
('13040012', '2168105', 'd', 'Saliente en la interfaz R2 S0/0/1'),
('13040012', '2168101', 'c', 'Cuando una ACL saliente está más cerca del origen del flujo de tráfico.'),
('13040012', '2168106', 'b', 'En el router que tiene la ACL configurada.'),
('13040063', '2168102', 'c', 'Dirección MAC de origen'),
('13040063', '2168105', 'c', 'Saliente en la interfaz R2 S0/0/1'),
('13040063', '2168109', 'c', 'R1(config-­line)# access-­class 1 out'),
('13040063', '2168101', 'a', 'Cuando una ACL saliente está más cerca del origen del flujo de tráfico.'),
('13040063', '2168104', 'd', '6'),
('13040063', '2168106', 'b', 'En cualquier router a través del cual el paquete al cual se hace referencia en la ACL viaja.'),
('13040063', '2168103', 'b', 'A diferencia de las ALC de salida, las ACL de entrada se pueden usar para filtrar paquetes con varios criterios.'),
('13040063', '2168107', 'c', 'Utilizar el comando no access-list para eliminar toda la ACL y volver a crearla posteriormente sin la ACE.'),
('13040063', '2168110', 'a', 'vty'),
('13040063', '2168108', 'b', 'La capacidad de filtrar tráfico sobre la base de un protocolo específico.'),
('13040080', '2168110', 'd', 'serie'),
('13040080', '2168106', 'c', 'En el router que dirige el paquete al que se hace referencia en la ACL a la red de destino final.'),
('13040080', '2168104', 'b', '6'),
('13040080', '2168105', 'c', 'Saliente en la interfaz R1 G0/1'),
('13040080', '2168108', 'c', 'La capacidad de filtrar tráfico sobre la base de un destino y un conjunto completo de protocolos.'),
('13040080', '2168103', 'c', 'Las ACL de entrada se pueden usar en routers y switches, pero las ACL de salida solo se pueden usar en routers.'),
('13040080', '2168109', 'a', 'R1(config-­line)# access­-class 1 in'),
('13040080', '2168107', 'c', 'Utilizar el comando no access-list para eliminar toda la ACL y volver a crearla posteriormente sin la ACE.'),
('13040080', '2168101', 'b', 'Cuando un router tiene más de una ACL.'),
('13040080', '2168102', 'a', 'Dirección IP de origen '),
('13040105', '2168110', 'a', 'vty'),
('13040105', '2168108', 'b', 'La capacidad de agregar ACE adicionales en el medio de la ACL sin eliminar y volver a crear la lista.'),
('13040105', '2168105', 'c', 'Saliente en la interfaz R1 G0/1'),
('13040105', '2168104', 'a', '8'),
('13040105', '2168102', 'd', 'Dirección MAC de destino'),
('13040105', '2168107', 'c', 'Utilizar la palabra clave no y el número de secuencia de la ACE que se eliminará.'),
('13040105', '2168106', 'c', 'En el router que dirige el paquete al que se hace referencia en la ACL desde la red de origen.'),
('13040105', '2168101', 'd', 'Cuando una ACL saliente está más cerca del origen del flujo de tráfico.'),
('13040105', '2168109', 'd', 'R1(config-­if)# ip access-­group 1 out'),
('13040105', '2168103', 'c', 'A diferencia de las ALC de salida, las ACL de entrada se pueden usar para filtrar paquetes con varios criterios.'),
('13040473', '2168103', 'c', 'Las ACL de entrada se procesan antes de que se enruten los paquetes, mientras que las ACL de salida se procesan una vez que se completó el routing.'),
('13040473', '2168106', 'b', 'En el router que tiene la ACL configurada.'),
('13040473', '2168110', 'd', 'ethernet'),
('13040473', '2168102', 'c', 'Dirección IP de destino'),
('13040473', '2168104', 'd', '32'),
('13040473', '2168107', 'a', 'Utilizar la palabra clave no y el número de secuencia de la ACE que se eliminará.'),
('13040473', '2168105', 'a', 'Saliente en la interfaz R2 S0/0/1'),
('13040473', '2168108', 'a', 'La capacidad de agregar ACE adicionales en el medio de la ACL sin eliminar y volver a crear la lista.'),
('13040473', '2168101', 'a', 'Cuando la ACL se aplica a una interfaz saliente para filtrar los paquetes que provienen de varias interfaces de entrada antes de que estos salgan de la interfaz.'),
('13040473', '2168109', 'b', 'R1(config-­line)# access­-class 1 in'),
('13048018', '2168110', 'a', 'vty'),
('13048018', '2168108', 'a', 'La capacidad de agregar ACE adicionales en el medio de la ACL sin eliminar y volver a crear la lista.'),
('13048018', '2168107', 'a', 'Utilizar la palabra clave no y el número de secuencia de la ACE que se eliminará.'),
('13048018', '2168105', 'a', 'Saliente en la interfaz R2 S0/0/1'),
('13048018', '2168109', 'b', 'R1(config­-if)# ip access-­group 1 in'),
('13048018', '2168103', 'd', 'En una interfaz de red, se puede configurar más de una ACL de entrada, pero solo se puede configurar una ACL de salida.'),
('13048018', '2168102', 'c', 'Dirección IP de destino'),
('13048018', '2168104', 'b', '4'),
('13048018', '2168106', 'c', 'En el router que tiene la ACL configurada.'),
('13048018', '2168101', 'a', 'Cuando la ACL se aplica a una interfaz saliente para filtrar los paquetes que provienen de varias interfaces de entrada antes de que estos salgan de la interfaz.'),
('13040554', '2168108', 'c', 'La capacidad de agregar ACE adicionales en el medio de la ACL sin eliminar y volver a crear la lista.'),
('13040554', '2168101', 'a', 'Cuando la ACL se aplica a una interfaz saliente para filtrar los paquetes que provienen de varias interfaces de entrada antes de que estos salgan de la interfaz.'),
('13040554', '2168110', 'a', 'vty'),
('13040554', '2168103', 'b', 'Las ACL de entrada se procesan antes de que se enruten los paquetes, mientras que las ACL de salida se procesan una vez que se completó el routing.'),
('13040554', '2168105', 'a', 'Entrante en la interfaz R1 G0/1'),
('13040554', '2168102', 'c', 'Dirección IP de origen '),
('13040554', '2168104', 'b', '8'),
('13040554', '2168106', 'd', 'En cualquier router a través del cual el paquete al cual se hace referencia en la ACL viaja.'),
('13040554', '2168107', 'a', 'Utilizar la palabra clave no y el número de secuencia de la ACE que se eliminará.'),
('13040554', '2168109', 'c', 'R1(config-­line)# access­-class 1 in'),
('13049012', '2168110', 'c', 'vty'),
('13049012', '2168105', 'd', 'Saliente en la interfaz R1 G0/1'),
('13049012', '2168107', 'c', 'Utilizar la palabra clave no y el número de secuencia de la ACE que se eliminará.'),
('13049012', '2168102', 'c', 'Dirección IP de destino'),
('13049012', '2168103', 'a', 'Las ACL de entrada se procesan antes de que se enruten los paquetes, mientras que las ACL de salida se procesan una vez que se completó el routing.'),
('13049012', '2168108', 'c', 'La capacidad de agregar ACE adicionales en el medio de la ACL sin eliminar y volver a crear la lista.'),
('13049012', '2168106', 'd', 'En cualquier router a través del cual el paquete al cual se hace referencia en la ACL viaja.'),
('13049012', '2168101', 'd', 'Cuando una ACL saliente está más cerca del origen del flujo de tráfico.'),
('13049012', '2168104', 'a', '4'),
('13049012', '2168109', 'c', 'R1(config-­if)# ip access-­group 1 out'),
('13040437', '2168103', 'c', 'Las ACL de entrada se procesan antes de que se enruten los paquetes, mientras que las ACL de salida se procesan una vez que se completó el routing.'),
('13040437', '2168104', 'c', '8'),
('13040437', '2168107', 'a', 'Utilizar la palabra clave no y el número de secuencia de la ACE que se eliminará.'),
('13040437', '2168106', 'd', 'En cualquier router a través del cual el paquete al cual se hace referencia en la ACL viaja.'),
('13040437', '2168102', 'b', 'Dirección IP de origen '),
('13040437', '2168105', 'a', 'Saliente en la interfaz R1 G0/1'),
('13040437', '2168101', 'c', 'Cuando la ACL se aplica a una interfaz saliente para filtrar los paquetes que provienen de varias interfaces de entrada antes de que estos salgan de la interfaz.'),
('13040437', '2168108', 'd', 'La capacidad de especificar direcciones de destino y de origen para utilizar una vez que se identifique el tráfico.'),
('13040437', '2168109', 'c', 'R1(config-­line)# access­-class 1 in'),
('13040437', '2168110', 'b', 'vty'),
('13049999', '2168102', 'c', 'Dirección IP de destino'),
('13049999', '2168106', 'd', 'En el router que dirige el paquete al que se hace referencia en la ACL desde la red de origen.'),
('13049999', '2168110', 'a', 'vty'),
('13049999', '2168101', 'd', 'Cuando un router tiene más de una ACL.'),
('13049999', '2168107', 'c', 'Utilizar la palabra clave no y el número de secuencia de la ACE que se eliminará.'),
('13049999', '2168105', 'c', 'Saliente en la interfaz R1 G0/1'),
('13049999', '2168103', 'd', 'A diferencia de las ALC de salida, las ACL de entrada se pueden usar para filtrar paquetes con varios criterios.'),
('13049999', '2168108', 'd', 'La capacidad de filtrar tráfico sobre la base de un protocolo específico.'),
('13049999', '2168109', 'a', 'R1(config-­line)# access­-class 1 in'),
('13049999', '2168104', 'b', '4'),
('13040246', '2168105', 'a', 'Saliente en la interfaz R1 G0/1'),
('13040246', '2168106', 'b', 'En el router que tiene la ACL configurada.'),
('13040246', '2168102', 'a', 'Dirección IP de origen '),
('13040246', '2168104', 'a', '8'),
('13040246', '2168103', 'c', 'Las ACL de entrada se procesan antes de que se enruten los paquetes, mientras que las ACL de salida se procesan una vez que se completó el routing.'),
('13040246', '2168110', 'd', 'de consola'),
('13040246', '2168101', 'c', 'Cuando la ACL se aplica a una interfaz saliente para filtrar los paquetes que provienen de varias interfaces de entrada antes de que estos salgan de la interfaz.'),
('13040246', '2168107', 'a', 'Utilizar la palabra clave no y el número de secuencia de la ACE que se eliminará.'),
('13040246', '2168109', 'a', 'R1(config-­line)# access­-class 1 in'),
('13040246', '2168108', 'c', 'La capacidad de agregar ACE adicionales en el medio de la ACL sin eliminar y volver a crear la lista.'),
('13040102', '2168107', 'b', 'Utilizar la palabra clave no y el número de secuencia de la ACE que se eliminará.'),
('13040102', '2168109', 'd', 'R1(config-­line)# access-­class 1 out'),
('13040102', '2168101', 'd', 'Cuando un router tiene más de una ACL.'),
('13040102', '2168110', 'b', 'vty'),
('13040102', '2168105', 'd', 'Entrante en la interfaz R2 G0/0'),
('13040102', '2168102', 'a', 'Dirección IP de origen '),
('13040102', '2168103', 'd', 'Las ACL de entrada se procesan antes de que se enruten los paquetes, mientras que las ACL de salida se procesan una vez que se completó el routing.'),
('13040102', '2168104', 'b', '8'),
('13040102', '2168108', 'd', 'La capacidad de filtrar tráfico sobre la base de un destino y un conjunto completo de protocolos.'),
('13040102', '2168106', 'b', 'En el router que tiene la ACL configurada.'),
('13040291', '2168107', 'a', 'Utilizar la palabra clave no y el número de secuencia de la ACE que se eliminará.'),
('13040291', '2168106', 'd', 'En el router que dirige el paquete al que se hace referencia en la ACL a la red de destino final.'),
('13040291', '2168102', 'b', 'Dirección IP de destino'),
('13040291', '2168108', 'a', 'La capacidad de agregar ACE adicionales en el medio de la ACL sin eliminar y volver a crear la lista.'),
('13040291', '2168109', 'a', 'R1(config-­line)# access­-class 1 in'),
('13040291', '2168103', 'c', 'Las ACL de entrada se procesan antes de que se enruten los paquetes, mientras que las ACL de salida se procesan una vez que se completó el routing.'),
('13040291', '2168104', 'd', '6'),
('13040291', '2168101', 'd', 'Cuando una interfaz se filtra por una ACL saliente y la red conectada a la interfaz es la red de origen que se filtra dentro de la ACL.'),
('13040291', '2168110', 'b', 'vty'),
('13040291', '2168105', 'c', 'Saliente en la interfaz R1 G0/1'),
('13040604', '2168104', 'a', '32'),
('13040604', '2168103', 'a', 'Las ACL de entrada se procesan antes de que se enruten los paquetes, mientras que las ACL de salida se procesan una vez que se completó el routing.'),
('13040604', '2168105', 'b', 'Saliente en la interfaz R1 G0/1'),
('13040604', '2168102', 'c', 'Dirección IP de destino'),
('13040604', '2168108', 'c', 'La capacidad de especificar direcciones de destino y de origen para utilizar una vez que se identifique el tráfico.'),
('13040604', '2168109', 'b', 'R1(config­-if)# ip access-­group 1 in'),
('13040604', '2168110', 'b', 'vty'),
('13040604', '2168106', 'a', 'En el router que dirige el paquete al que se hace referencia en la ACL a la red de destino final.'),
('13040604', '2168107', 'a', 'Utilizar el comando no access-list para eliminar toda la ACL y volver a crearla posteriormente sin la ACE.'),
('13040604', '2168101', 'a', 'Cuando la ACL se aplica a una interfaz saliente para filtrar los paquetes que provienen de varias interfaces de entrada antes de que estos salgan de la interfaz.'),
('14040091', '2446107', 'c', '4'),
('14040091', '2446110', 'd', 'Instrucciones de acceso a datos '),
('14040091', '2446105', 'b', 'tipo lista_variables;'),
('14040091', '2446108', 'b', ','),
('14040091', '2446102', 'd', '/* y */ '),
('14040091', '2446101', 'c', 'Dennis M. Ritchie'),
('14040091', '2446106', 'd', 'Hola 100 veces '),
('14040091', '2446104', 'a', 'stdio'),
('14040091', '2446109', 'c', 'Faltan las librerías'),
('14040091', '2446103', 'd', ';'),
('14040235', '2446101', 'a', 'Dennis M. Ritchie'),
('14040235', '2446105', 'b', 'int a =0; '),
('14040235', '2446107', 'a', '4'),
('14040235', '2446103', 'b', ';'),
('14040235', '2446106', 'c', 'Hola 5 veces '),
('14040235', '2446110', 'c', 'Tipos de datos '),
('14040235', '2446102', 'a', '//'),
('14040235', '2446108', 'b', '&'),
('14040235', '2446104', 'a', 'stdio'),
('14040235', '2446109', 'a', 'Faltan las librerías'),
('14041404', '2446101', 'd', 'Bill Gates '),
('14041404', '2446102', 'a', '/* y */ '),
('14041404', '2446106', 'a', 'Hola 5 veces '),
('14041404', '2446105', 'c', 'int a =0; '),
('14041404', '2446103', 'b', ','),
('14041404', '2446110', 'b', 'Tipos de datos '),
('14041404', '2446104', 'b', 'stdio'),
('14041404', '2446108', 'd', '&d'),
('14041404', '2446109', 'a', 'Faltan las librerías'),
('14041404', '2446107', 'b', '4'),
('14040374', '2446104', 'b', 'stdio'),
('14040374', '2446106', 'b', 'Hola 5 veces '),
('14040374', '2446105', 'b', 'int a =0; '),
('14040374', '2446102', 'b', '//'),
('14040374', '2446101', 'a', 'James Gosling'),
('14040374', '2446110', 'c', 'Tipos de datos '),
('14040374', '2446107', 'd', '3'),
('14040374', '2446108', 'b', ','),
('14040374', '2446103', 'c', ';'),
('14040374', '2446109', 'c', 'Faltan las librerías'),
('14040237', '2446110', 'c', 'Función de acceso a datos '),
('14040237', '2446106', 'b', 'Hola 5 veces '),
('14040237', '2446102', 'c', '/* y */ '),
('14040237', '2446105', 'b', 'int a =0; '),
('14040237', '2446101', 'b', 'Dennis M. Ritchie'),
('14040237', '2446103', 'b', ';'),
('14040237', '2446104', 'a', 'stdio'),
('14040237', '2446108', 'c', '&'),
('14040237', '2446109', 'a', 'Faltan las librerías'),
('14040237', '2446107', 'b', '4'),
('14040229', '2446101', 'a', 'Dennis M. Ritchie'),
('14040229', '2446109', 'a', 'Faltan las librerías'),
('14040229', '2446105', 'a', 'int a =0; '),
('14040229', '2446107', 'a', '4'),
('14040229', '2446110', 'b', 'Tipos de datos '),
('14040229', '2446103', 'a', ';'),
('14040229', '2446102', 'd', '/* y */ '),
('14040229', '2446104', 'b', 'stdio'),
('14040229', '2446106', 'b', 'Hola 5 veces '),
('14040229', '2446108', 'd', '&'),
('14040123', '2446110', 'd', 'Función de acceso a datos '),
('14040123', '2446103', 'c', ';'),
('14040123', '2446104', 'a', 'stdio'),
('14040123', '2446105', 'd', 'int a =0; '),
('14040123', '2446102', 'c', '*/ y */ '),
('14040123', '2446106', 'd', 'Hola 0 '),
('14040123', '2446108', 'a', '&'),
('14040123', '2446107', 'c', '4'),
('14040123', '2446101', 'c', 'Dennis M. Ritchie'),
('14040123', '2446109', 'c', 'Faltan las librerías'),
('14041418', '2446110', 'd', 'Ninguna es correcta'),
('14041418', '2446103', 'b', ';'),
('14041418', '2446104', 'd', 'conio '),
('14041418', '2446107', 'b', '3'),
('14041418', '2446102', 'c', '//'),
('14041418', '2446106', 'c', 'Hola 5 veces '),
('14041418', '2446108', 'c', '&'),
('14041418', '2446109', 'b', 'Faltan las librerías'),
('14041418', '2446101', 'c', 'Dennis M. Ritchie'),
('14041418', '2446105', 'a', 'tipo lista_variables;'),
('14041416', '2446110', 'a', 'Tipos de datos '),
('14041416', '2446101', 'd', 'James Gosling'),
('14041416', '2446104', 'c', 'stdio'),
('14041416', '2446103', 'a', ';'),
('14041416', '2446105', 'a', 'int a =0; '),
('14041416', '2446108', 'b', '&'),
('14041416', '2446106', 'd', 'Hola 0 '),
('14041416', '2446107', 'c', '4'),
('14041416', '2446109', 'a', 'Faltan las librerías'),
('14041416', '2446102', 'a', '//'),
('14041431', '2446109', 'd', 'Nada'),
('14041431', '2446102', 'c', '//'),
('14041431', '2446104', 'b', 'stdio'),
('14041431', '2446105', 'd', 'int a =0; '),
('14041431', '2446103', 'b', ';'),
('14041431', '2446108', 'b', '&'),
('14041431', '2446106', 'a', 'Hola 5 veces '),
('14041431', '2446107', 'a', '4'),
('14041431', '2446110', 'c', 'Tipos de datos '),
('14041431', '2446101', 'a', 'James Gosling'),
('14040124', '2446104', 'b', 'stdio'),
('14040124', '2446101', 'd', 'Bill Gates '),
('14040124', '2446105', 'a', 'int a =0; '),
('14040124', '2446108', 'c', '&'),
('14040124', '2446110', 'b', 'Tipos de datos '),
('14040124', '2446102', 'b', '/* y */ '),
('14040124', '2446109', 'c', 'Nada'),
('14040124', '2446107', 'c', '4'),
('14040124', '2446103', 'a', ';'),
('14040124', '2446106', 'a', 'Hola 5 veces '),
('14040330', '2446102', 'b', '/* y */ '),
('14040330', '2446101', 'b', 'Dennis M. Ritchie'),
('14040330', '2446106', 'd', 'Hola 100 veces '),
('14040330', '2446104', 'c', 'stdio'),
('14040330', '2446103', 'c', ';'),
('14040330', '2446109', 'c', 'Declaración de variables'),
('14040330', '2446108', 'a', 'Ninguno'),
('14040330', '2446110', 'd', 'Ninguna es correcta'),
('14040330', '2446105', 'b', 'int a =0; '),
('14040330', '2446107', 'c', '4'),
('14040246', '2446108', 'a', '&d'),
('14040246', '2446110', 'a', 'Tipos de datos '),
('14040246', '2446103', 'c', ','),
('14040246', '2446102', 'b', '*/ y */ '),
('14040246', '2446105', 'a', 'int a =0; '),
('14040246', '2446109', 'd', 'Falta ;'),
('14040246', '2446107', 'b', '4'),
('14040246', '2446101', 'a', 'James Gosling'),
('14040246', '2446106', 'b', 'Hola 5 veces '),
('14040246', '2446104', 'c', 'stdio'),
('14040287', '2446108', 'd', ','),
('14040287', '2446110', 'd', 'Instrucciones de acceso a datos '),
('14040287', '2446107', 'a', '4'),
('14040287', '2446101', 'a', 'Dennis M. Ritchie'),
('14040287', '2446104', 'a', 'studio '),
('14040287', '2446102', 'a', '/* y */ '),
('14040287', '2446103', 'c', ','),
('14040287', '2446105', 'd', 'int a =0; '),
('14040287', '2446106', 'd', 'Hola 0 '),
('14040287', '2446109', 'a', 'Nada'),
('14040214', '2446104', 'b', 'stdio'),
('14040214', '2446103', 'a', ';'),
('14040214', '2446107', 'c', '3'),
('14040214', '2446101', 'b', 'Dennis M. Ritchie'),
('14040214', '2446109', 'b', 'Faltan las librerías'),
('14040214', '2446105', 'c', 'tipo lista_variables;'),
('14040214', '2446110', 'c', 'Tipos de datos '),
('14040214', '2446102', 'a', '/* y */ '),
('14040214', '2446106', 'd', 'Hola 100 veces '),
('14040214', '2446108', 'b', '&'),
('14040169', '2446101', 'a', 'Dennis M. Ritchie'),
('14040169', '2446104', 'b', 'stdio'),
('14040169', '2446106', 'd', 'Hola 1'),
('14040169', '2446107', 'c', '4'),
('14040169', '2446103', 'b', ';'),
('14040169', '2446102', 'b', '/* y */ '),
('14040169', '2446109', 'c', 'Faltan las librerías'),
('14040169', '2446110', 'a', 'Tipos de datos '),
('14040169', '2446105', 'b', 'int a =0; '),
('14040169', '2446108', 'c', '&'),
('14040121', '2446102', 'c', '/* y */ '),
('14040121', '2446103', 'b', ';'),
('14040121', '2446110', 'd', 'Instrucciones de acceso a datos '),
('14040121', '2446108', 'b', '&'),
('14040121', '2446104', 'a', 'stdio'),
('14040121', '2446107', 'c', '4'),
('14040121', '2446105', 'b', 'tipo lista_variables;'),
('14040121', '2446101', 'd', 'Bill Gates '),
('14040121', '2446109', 'd', 'Nada'),
('14040121', '2446106', 'c', 'Hola 5 veces '),
('14040148', '2446101', 'a', 'Dennis M. Ritchie'),
('14040148', '2446108', 'a', ','),
('14040148', '2446105', 'c', 'int a =0; '),
('14040148', '2446107', 'a', '4'),
('14040148', '2446106', 'd', 'Hola 100 veces '),
('14040148', '2446109', 'b', 'Faltan las librerías'),
('14040148', '2446104', 'b', 'stdio'),
('14040148', '2446110', 'd', 'Función de acceso a datos '),
('14040148', '2446102', 'c', '//'),
('14040148', '2446103', 'a', ';'),
('14042460', '2446102', 'a', '//'),
('14042460', '2446103', 'a', ','),
('14042460', '2446106', 'b', 'Hola 5 veces '),
('14042460', '2446101', 'c', 'Dennis M. Ritchie'),
('14042460', '2446104', 'c', 'studio '),
('14042460', '2446110', 'a', 'Tipos de datos '),
('14042460', '2446108', 'a', ','),
('14042460', '2446109', 'd', 'Falta ;'),
('14042460', '2446105', 'd', 'int a =0; '),
('14042460', '2446107', 'b', '4'),
('14041409', '2446104', 'd', 'conio '),
('14041409', '2446105', 'c', 'int a =0; '),
('14041409', '2446107', 'c', '4'),
('14041409', '2446102', 'a', '//'),
('14041409', '2446108', 'b', '&'),
('14041409', '2446110', 'c', 'Tipos de datos '),
('14041409', '2446101', 'b', 'Dennis M. Ritchie'),
('14041409', '2446103', 'd', '.'),
('14041409', '2446106', 'd', 'Hola 0 '),
('14041409', '2446109', 'b', 'Faltan las librerías'),
('14040054', '2446101', 'd', 'Bill Gates '),
('14040054', '2446107', 'c', '4'),
('14040054', '2446108', 'd', 'Ninguno'),
('14040054', '2446105', 'd', 'int a =0; '),
('14040054', '2446102', 'd', '/* y */ '),
('14040054', '2446103', 'b', ';'),
('14040054', '2446104', 'a', 'stdio'),
('14040054', '2446109', 'c', 'Faltan las librerías'),
('14040054', '2446110', 'd', 'Instrucciones de acceso a datos '),
('14040054', '2446106', 'a', 'Hola 5 veces '),
('14042450', '2446103', 'a', ';'),
('14042450', '2446110', 'c', 'Tipos de datos '),
('14042450', '2446105', 'b', 'tipo lista_variables;'),
('14042450', '2446104', 'a', 'stdio'),
('14042450', '2446109', 'b', 'Faltan las librerías'),
('14042450', '2446101', 'd', 'Bill Gates '),
('14042450', '2446107', 'b', '4'),
('14042450', '2446102', 'c', '//'),
('14042450', '2446106', 'b', 'Hola 5 veces '),
('14042450', '2446108', 'c', '&'),
('14040364', '2446101', 'd', 'Bjarne Stroustrup'),
('14040364', '2446105', 'a', 'int a =0; '),
('14040364', '2446110', 'd', 'Tipos de datos '),
('14040364', '2446106', 'b', 'Hola 5 veces '),
('14040364', '2446109', 'a', 'Faltan las librerías'),
('14040364', '2446102', 'c', '//'),
('14040364', '2446108', 'd', ','),
('14040364', '2446107', 'a', '4'),
('14040364', '2446104', 'c', 'stdio'),
('14040364', '2446103', 'c', ';'),
('14040023', '2446110', 'a', 'Tipos de datos '),
('14040023', '2446105', 'c', 'int a =0; '),
('14040023', '2446103', 'd', '.'),
('14040023', '2446109', 'b', 'Faltan las librerías'),
('14040023', '2446108', 'c', 'Ninguno'),
('14040023', '2446102', 'c', '//'),
('14040023', '2446107', 'b', '4'),
('14040023', '2446104', 'a', 'stdio'),
('14040023', '2446101', 'a', 'Dennis M. Ritchie'),
('14040023', '2446106', 'c', 'Hola 5 veces '),
('14040161', '2446105', 'b', 'int a =0; '),
('14040161', '2446104', 'd', 'math.h '),
('14040161', '2446109', 'b', 'Faltan las librerías'),
('14040161', '2446102', 'c', '//'),
('14040161', '2446101', 'b', 'Dennis M. Ritchie'),
('14040161', '2446108', 'd', 'Ninguno'),
('14040161', '2446103', 'b', ';'),
('14040161', '2446107', 'd', '8'),
('14040161', '2446110', 'a', 'Tipos de datos '),
('14040161', '2446106', 'c', 'Hola 5 veces ');

-- --------------------------------------------------------

--
-- Table structure for table `secciones`
--

CREATE TABLE `secciones` (
  `seccion` varchar(30) COLLATE utf8_spanish2_ci NOT NULL,
  `no_preguntas` int(4) NOT NULL,
  `last` int(11) NOT NULL,
  `grado` int(2) NOT NULL,
  `ultima` int(2) NOT NULL,
  `nombre` varchar(30) COLLATE utf8_spanish2_ci NOT NULL,
  `active` int(1) NOT NULL
) ENGINE=InnoDB DEFAULT CHARSET=utf8 COLLATE=utf8_spanish2_ci;

--
-- Dumping data for table `secciones`
--

INSERT INTO `secciones` (`seccion`, `no_preguntas`, `last`, `grado`, `ultima`, `nombre`, `active`) VALUES
('Seccion_1', 10, 2168100, 6, 2168118, 'Redes_II', 0),
('Seccion_2', 10, 2446100, 4, 2446113, 'Programacion', 0);

-- --------------------------------------------------------

--
-- Table structure for table `tutor`
--

CREATE TABLE `tutor` (
  `Folio` varchar(15) COLLATE utf8_spanish_ci NOT NULL,
  `Nombre_tutor` varchar(30) COLLATE utf8_spanish_ci NOT NULL,
  `Apellido_P_tutor` varchar(30) COLLATE utf8_spanish_ci NOT NULL,
  `Apellido_M_tutor` varchar(30) COLLATE utf8_spanish_ci NOT NULL,
  `Correo` varchar(40) COLLATE utf8_spanish_ci NOT NULL,
  `Telefono_casa` varchar(8) COLLATE utf8_spanish_ci NOT NULL,
  `Telefono_celular` varchar(10) COLLATE utf8_spanish_ci NOT NULL
) ENGINE=InnoDB DEFAULT CHARSET=utf8 COLLATE=utf8_spanish_ci;

--
-- Dumping data for table `tutor`
--

INSERT INTO `tutor` (`Folio`, `Nombre_tutor`, `Apellido_P_tutor`, `Apellido_M_tutor`, `Correo`, `Telefono_casa`, `Telefono_celular`) VALUES
('0040', 'Alberto', 'Vitte', 'de la Rosa', 'tanque_250@hotmail.com', '55699494', '5559698752'),
('260800', 'Eugenia', 'Fuenlabrada', 'Velázquez', 'paulinafuenlabrada@gmail.com', '44355380', '5548066360');

--
-- Indexes for dumped tables
--

--
-- Indexes for table `administracion`
--
ALTER TABLE `administracion`
  ADD PRIMARY KEY (`Usuario`);

--
-- Indexes for table `alumnos`
--
ALTER TABLE `alumnos`
  ADD PRIMARY KEY (`Folio`);

--
-- Indexes for table `direccion`
--
ALTER TABLE `direccion`
  ADD PRIMARY KEY (`Folio`);

--
-- Indexes for table `examenes`
--
ALTER TABLE `examenes`
  ADD PRIMARY KEY (`Folio`),
  ADD KEY `Id_materia` (`Id_materia`),
  ADD KEY `Id_pregunta` (`Id_pregunta`);

--
-- Indexes for table `materias`
--
ALTER TABLE `materias`
  ADD PRIMARY KEY (`Id_pregunta`),
  ADD KEY `Id_materia` (`Id_materia`);

--
-- Indexes for table `matg`
--
ALTER TABLE `matg`
  ADD PRIMARY KEY (`id`);

--
-- Indexes for table `secciones`
--
ALTER TABLE `secciones`
  ADD PRIMARY KEY (`seccion`);

--
-- Indexes for table `tutor`
--
ALTER TABLE `tutor`
  ADD PRIMARY KEY (`Folio`);
COMMIT;

/*!40101 SET CHARACTER_SET_CLIENT=@OLD_CHARACTER_SET_CLIENT */;
/*!40101 SET CHARACTER_SET_RESULTS=@OLD_CHARACTER_SET_RESULTS */;
/*!40101 SET COLLATION_CONNECTION=@OLD_COLLATION_CONNECTION */;
